Plate,Multiplex_group,Barcode,Filename,Total,NoRadTag,LowQuality,Retained
1,A,AAGACTGG-AGAGTTCG,AT1,4376752,497521,145362,3715277
1,A,ATGTTGGC-ACCTGTTG,DE1,4480440,418909,176243,3870247
1,A,CCTCATCT-CTGGTTCA,IT1,5467218,379080,205018,4863053
1,A,CGGAATTG-CGACAAGA,RU1,6307184,515167,212399,5557767
1,A,CAAGGTGA-CAGTCGAA,SK1,7080066,516544,222489,6314310
1,A,GACTTGAG-GTCAGAAC,SE1,6140484,492699,197240,5428834
1,A,TCCTTCAC-TTGTTCCG,FR1,5345470,891434,198318,4238701
1,A,TGTCAGTG-TCGCATTC,PL,7404186,554392,227660,6595684
1,A,TTCTGAGG-TCGAACCA,SK2,5798542,790317,205287,4785682
1,B,AAGACTGG-AGAGTTCG,AT2,4789180,406821,153072,4209959
1,B,ATGTTGGC-ACCTGTTG,DE2,7204954,552372,219966,6406384
1,B,CCTCATCT-CTGGTTCA,MK1,8748612,598242,281470,7837765
1,B,CGGAATTG-CGACAAGA,RU2,8879442,674902,281546,7891604
1,B,CAAGGTGA-CAGTCGAA,SI1,5239722,476525,180145,4563822
1,B,GACTTGAG-GTCAGAAC,SE2,7171316,674878,252005,6221156
1,B,TCCTTCAC-TTGTTCCG,IT2,8407530,629719,269230,7477320
1,B,TGTCAGTG-TCGCATTC,PL1,7607814,681165,245077,6654420
1,B,TTCTGAGG-TCGAACCA,SK3,5444390,815803,201086,4411753
1,C,AAGACTGG-AGAGTTCG,AT3,4725426,430511,160342,4116425
1,C,ATGTTGGC-ACCTGTTG,DE3,6434194,478006,201284,5731479
1,C,CCTCATCT-CTGGTTCA,MK2,6089244,510415,212534,5344973
1,C,CGGAATTG-CGACAAGA,RU3,6408546,1018340,225892,5144064
1,C,CAAGGTGA-CAGTCGAA,SI2,4212902,559463,147236,3492548
1,C,GACTTGAG-GTCAGAAC,SE3,6809688,702827,229049,5855305
1,C,TCCTTCAC-TTGTTCCG,IT3,7507438,565333,240982,6674267
1,C,TGTCAGTG-TCGCATTC,PL2,7388102,594556,233207,6534763
1,C,TTCTGAGG-TCGAACCA,SK4,6300882,740606,213214,5327557
1,D,AAGACTGG-AGAGTTCG,AT4,4295642,454667,147795,3677547
1,D,ATGTTGGC-ACCTGTTG,GR1,6255772,498951,208462,5526763
1,D,CCTCATCT-CTGGTTCA,RO1,7825674,553260,266645,6979413
1,D,CGGAATTG-CGACAAGA,RU4,6611578,938367,225852,5424528
1,D,CAAGGTGA-CAGTCGAA,SI3,5818410,543186,192965,5061368
1,D,GACTTGAG-GTCAGAAC,DK1,8045284,633841,249526,7132147
1,D,TCCTTCAC-TTGTTCCG,IT4,9558768,722286,307883,8490953
1,D,TGTCAGTG-TCGCATTC,PL3,7478950,674964,243078,6535483
1,D,TTCTGAGG-TCGAACCA,ES1,7721668,550168,250764,6894116
1,E,AAGACTGG-AGAGTTCG,DE4,3883706,395411,138692,3332972
1,E,ATGTTGGC-ACCTGTTG,GR2,5929366,437565,194081,5276907
1,E,CCTCATCT-CTGGTTCA,RO2,5570390,427574,190315,4933477
1,E,CGGAATTG-CGACAAGA,RU5,5297096,696322,182598,4400724
1,E,CAAGGTGA-CAGTCGAA,SI4,4663192,387412,157773,4101602
1,E,GACTTGAG-GTCAGAAC,DK2,6577082,524019,208770,5820697
1,E,TCCTTCAC-TTGTTCCG,IT5,5686058,402341,179584,5084318
1,E,TGTCAGTG-TCGCATTC,PL4,5642436,612864,193243,4817756
1,E,TTCTGAGG-TCGAACCA,ES2,6618822,443178,209628,5942951
1,F,AAGACTGG-AGAGTTCG,DE5,5163046,445469,162587,4533202
1,F,ATGTTGGC-ACCTGTTG,GR3,5225096,429364,168341,4610030
1,F,CCTCATCT-CTGGTTCA,RO3,6320770,439734,204619,5655366
1,F,CGGAATTG-CGACAAGA,RU6,6891884,712364,226454,5930364
1,F,CAAGGTGA-CAGTCGAA,SI5,6311806,479041,182410,5613188
1,F,GACTTGAG-GTCAGAAC,DK3,6223900,695801,200744,5306777
1,F,TCCTTCAC-TTGTTCCG,PL5,6778258,594697,213404,5946315
1,F,TGTCAGTG-TCGCATTC,PL6,6538572,621402,213290,5682353
1,F,TTCTGAGG-TCGAACCA,ES3,7260698,495930,232634,6507189
1,G,AAGACTGG-AGAGTTCG,DE6,5842868,530935,189806,5097288
1,G,ATGTTGGC-ACCTGTTG,IT6,8022858,539798,272290,7181775
1,G,CCTCATCT-CTGGTTCA,RU7,7332992,500088,252119,6556736
1,G,CGGAATTG-CGACAAGA,SK5,7875560,578192,249208,7020870
1,G,CAAGGTGA-CAGTCGAA,SI6,5527866,422574,182736,4902372
1,G,GACTTGAG-GTCAGAAC,FR2,5972310,479695,213546,5259474
1,G,TCCTTCAC-TTGTTCCG,PL7,6273570,728750,207394,5317086
1,G,TGTCAGTG-TCGCATTC,PL8,6197980,570027,202203,5404253
1,G,TTCTGAGG-TCGAACCA,BE1,5883552,442210,197669,5222411
1,H,AAGACTGG-AGAGTTCG,DE7,4628898,417569,167799,4026743
1,H,ATGTTGGC-ACCTGTTG,IT7,10042172,760018,333190,8912382
1,H,CCTCATCT-CTGGTTCA,RU8,7672438,524086,272791,6849037
1,H,CGGAATTG-CGACAAGA,SK6,7242214,495615,226918,6494687
1,H,CAAGGTGA-CAGTCGAA,SI7,8051198,716986,251603,7051096
1,H,GACTTGAG-GTCAGAAC,FR3,5776766,1034281,212227,4514203
1,H,TCCTTCAC-TTGTTCCG,PL9,8322498,672104,259935,7360882
1,H,TGTCAGTG-TCGCATTC,RU9,6578812,601997,216542,5737795
1,H,TTCTGAGG-TCGAACCA,BE2,7007704,469611,218094,6292588
1,10,AAGACTGG-AGAGTTCG,BE3,4083830,324307,132133,3604021
1,10,ATGTTGGC-ACCTGTTG,BE4,5872766,419100,198023,5235749
1,10,CCTCATCT-CTGGTTCA,BE5,6625288,448883,218079,5934956
1,10,CGGAATTG-CGACAAGA,DK4,4670508,521268,166933,3967730
1,10,CAAGGTGA-CAGTCGAA,DK5,3399902,501082,130235,2758141
1,10,GACTTGAG-GTCAGAAC,DK6,5594746,428774,170930,4972055
1,10,TGTCAGTG-TCGCATTC,FR4,6485972,485908,200276,5775678
1,10,TTCTGAGG-TCGAACCA,FR5,5773318,425021,173647,5151399
1,11,AAGACTGG-AGAGTTCG,FR6,5141418,537523,165402,4415558
1,11,ATGTTGGC-ACCTGTTG,FR7,6699366,490054,200371,5982765
1,11,CCTCATCT-CTGGTTCA,FR8,6902770,613309,226039,6037619
1,11,CGGAATTG-CGACAAGA,FR9,6769186,470781,205289,6067379
1,11,CAAGGTGA-CAGTCGAA,ES4,6897316,501606,214859,6156366
1,11,GACTTGAG-GTCAGAAC,DK7,7205742,533988,222790,6421959
2,A,AAGACTGG-AGAGTTCG,TN1,7509892,527136,254093,6694059
2,A,ATGTTGGC-ACCTGTTG,DE8,5869462,542940,204312,5103026
2,A,CCTCATCT-CTGGTTCA,BE6,7382108,572056,261748,6519923
2,A,CGGAATTG-CGACAAGA,DE9,7527386,490014,254799,6752072
2,A,CAAGGTGA-CAGTCGAA,IT8,7807996,497532,252184,7017264
2,A,GACTTGAG-GTCAGAAC,IT9,7861186,520405,261971,7048902
2,A,TCCTTCAC-TTGTTCCG,ES5,7648236,492999,257842,6868485
2,A,TGTCAGTG-TCGCATTC,DE10,5595094,556986,196409,4823388
2,A,TTCTGAGG-TCGAACCA,DE11,4673462,526149,170231,3961626
2,B,AAGACTGG-AGAGTTCG,TN2,6744098,470789,229501,6014057
2,B,ATGTTGGC-ACCTGTTG,SE4,5113760,422370,183234,4490193
2,B,CCTCATCT-CTGGTTCA,FR10,7488446,421172,255617,6781919
2,B,CGGAATTG-CGACAAGA,DE12,9801850,653518,319431,8790300
2,B,CAAGGTGA-CAGTCGAA,IT10,9421736,591627,307529,8472181
2,B,GACTTGAG-GTCAGAAC,IT11,7693532,631726,265584,6769283
2,B,TCCTTCAC-TTGTTCCG,ES6,8185872,533114,278949,7341320
2,B,TGTCAGTG-TCGCATTC,DE13,7319634,501006,261611,6532323
2,B,TTCTGAGG-TCGAACCA,DE14,4835118,495867,175876,4147663
2,C,AAGACTGG-AGAGTTCG,TN3,5211510,359798,179874,4645256
2,C,ATGTTGGC-ACCTGTTG,SE5,13762164,874627,492982,12343969
2,C,CCTCATCT-CTGGTTCA,FR11,7135098,419456,252627,6437453
2,C,CGGAATTG-CGACAAGA,IE1,7145894,438288,241356,6441457
2,C,CAAGGTGA-CAGTCGAA,IT12,6807914,419111,222036,6127796
2,C,GACTTGAG-GTCAGAAC,SI8,5943602,377882,198519,5332678
2,C,TCCTTCAC-TTGTTCCG,SE6,5063348,1261898,196373,3590681
2,C,TGTCAGTG-TCGCATTC,DE15,4086664,1022177,174082,2879943
2,C,TTCTGAGG-TCGAACCA,DE16,4356364,242958,156061,3942561
2,D,AAGACTGG-AGAGTTCG,DE17,3570296,579502,139712,2837774
2,D,ATGTTGGC-ACCTGTTG,SE7,23814,2143,1001,20585
2,D,CCTCATCT-CTGGTTCA,FR12,8686614,535655,312508,7804854
2,D,CGGAATTG-CGACAAGA,IE2,6956834,580316,238663,6114959
2,D,CAAGGTGA-CAGTCGAA,IT13,6877776,479049,228355,6131079
2,D,GACTTGAG-GTCAGAAC,SI9,4316820,472175,161660,3666759
2,D,TCCTTCAC-TTGTTCCG,SE8,5824348,899406,211307,4691578
2,D,TGTCAGTG-TCGCATTC,DE18,4782248,394784,170568,4200327
2,D,TTCTGAGG-TCGAACCA,DE19,4525610,284884,157628,4066655
2,E,AAGACTGG-AGAGTTCG,DE20,4370438,411527,158832,3782114
2,E,ATGTTGGC-ACCTGTTG,SE9,4486418,394441,158381,3917950
2,E,CCTCATCT-CTGGTTCA,FR13,7749378,466712,271208,6983230
2,E,CGGAATTG-CGACAAGA,IE3,6868410,884302,267879,5702047
2,E,CAAGGTGA-CAGTCGAA,IT14,5788672,537607,195176,5037726
2,E,GACTTGAG-GTCAGAAC,SI10,5501956,454744,210485,4817607
2,E,TCCTTCAC-TTGTTCCG,SE10,6602400,586165,228601,5762040
2,E,TGTCAGTG-TCGCATTC,DE21,6161530,669480,225066,5245761
2,E,TTCTGAGG-TCGAACCA,DE22,7576894,521465,272920,6756558
2,F,AAGACTGG-AGAGTTCG,DE23,5153392,610220,190756,4331639
2,F,ATGTTGGC-ACCTGTTG,SE11,4693888,393937,164890,4117626
2,F,CCTCATCT-CTGGTTCA,FR14,8968710,524745,312088,8098294
2,F,CGGAATTG-CGACAAGA,IE4,6079596,540527,223920,5296091
2,F,CAAGGTGA-CAGTCGAA,IT15,6779956,775581,235451,5743169
2,F,GACTTGAG-GTCAGAAC,SI11,6561386,1154971,269006,5117430
2,F,TCCTTCAC-TTGTTCCG,DE24,7245180,622379,254773,6343278
2,F,TGTCAGTG-TCGCATTC,DE25,5993806,483897,209128,5277516
2,F,TTCTGAGG-TCGAACCA,DE26,5463798,400759,197733,4846326
2,G,AAGACTGG-AGAGTTCG,DE27,3599688,514429,141426,2927900
2,G,ATGTTGGC-ACCTGTTG,BE7,6039138,389878,207219,5421616
2,G,CCTCATCT-CTGGTTCA,DE28,7498576,495075,280047,6695105
2,G,CGGAATTG-CGACAAGA,IE5,6198440,450071,211950,5515614
2,G,CAAGGTGA-CAGTCGAA,IT16,4939128,635028,188096,4097552
2,G,GACTTGAG-GTCAGAAC,ES7,8105022,533806,274917,7266486
2,G,TCCTTCAC-TTGTTCCG,DE29,4798674,484601,171964,4126907
2,G,TGTCAGTG-TCGCATTC,DE30,5172078,490177,181895,4480825
2,G,TTCTGAGG-TCGAACCA,LT1,3863274,301709,138866,3409175
2,H,AAGACTGG-AGAGTTCG,DE31,4905008,470273,177397,4236044
2,H,ATGTTGGC-ACCTGTTG,BE8,7015652,481147,233294,6275772
2,H,CCTCATCT-CTGGTTCA,DE32,8264126,591567,289014,7348360
2,H,CGGAATTG-CGACAAGA,IE6,7820242,577698,263057,6953707
2,H,CAAGGTGA-CAGTCGAA,IT17,6094972,474507,237108,5362517
2,H,GACTTGAG-GTCAGAAC,ES8,7645492,502181,255632,6856523
2,H,TCCTTCAC-TTGTTCCG,DE33,6265104,716127,234550,5293847
2,H,TGTCAGTG-TCGCATTC,DE34,5393854,699175,204555,4472501
2,H,TTCTGAGG-TCGAACCA,LT2,4078200,342572,146806,3574509
2,10,AAGACTGG-AGAGTTCG,LT3,5264636,417152,187501,4637785
2,10,ATGTTGGC-ACCTGTTG,LT4,5745208,418942,206133,5099318
2,10,CCTCATCT-CTGGTTCA,LT5,5463598,358868,198607,4887188
2,10,CGGAATTG-CGACAAGA,LT6,4912006,577185,181253,4137635
2,10,CAAGGTGA-CAGTCGAA,LT7,5817894,456405,209211,5132641
2,10,GACTTGAG-GTCAGAAC,LT8,5382606,753594,203581,4408687
2,10,TGTCAGTG-TCGCATTC,LT9,6086558,442936,216333,5405808
2,10,TTCTGAGG-TCGAACCA,LT10,4730072,635253,173546,3906265
2,11,AAGACTGG-AGAGTTCG,FR6,5141418,537523,165402,4415558
2,11,ATGTTGGC-ACCTGTTG,FR7,6699366,490054,200371,5982765
2,11,CCTCATCT-CTGGTTCA,FR8,6902770,613309,226039,6037619
2,11,CGGAATTG-CGACAAGA,FR9,6769186,470781,205289,6067379
2,11,CAAGGTGA-CAGTCGAA,ES4,6897316,501606,214859,6156366
2,11,GACTTGAG-GTCAGAAC,DK7,7205742,533988,222790,6421959
3,A,AAGACTGG-AGAGTTCG,LT15,5747734,704334,192522,4825988
3,A,ATGTTGGC-ACCTGTTG,RS2,5803552,591583,191404,5001304
3,A,CCTCATCT-CTGGTTCA,RS10,7498684,526290,245486,6700267
3,A,CGGAATTG-CGACAAGA,RS18,6523608,1126339,211665,5155645
3,A,CAAGGTGA-CAGTCGAA,DK11,8989308,723830,270291,7956713
3,A,GACTTGAG-GTCAGAAC,EN8,4755690,433353,149241,4154588
3,A,TCCTTCAC-TTGTTCCG,FR23,8011930,601828,240611,7138092
3,A,TGTCAGTG-TCGCATTC,FR31,4150338,326401,128998,3675485
3,A,TTCTGAGG-TCGAACCA,IS4,5099928,361824,155177,4564261
3,B,AAGACTGG-AGAGTTCG,LT21,4630972,478358,152746,3979525
3,B,ATGTTGGC-ACCTGTTG,RS3,6902046,643375,206453,6009781
3,B,CCTCATCT-CTGGTTCA,RS11,5415390,842781,200955,4354486
3,B,CGGAATTG-CGACAAGA,RS19,5749250,739606,200278,4790643
3,B,CAAGGTGA-CAGTCGAA,EN1,4868836,369755,150821,4325833
3,B,GACTTGAG-GTCAGAAC,FR16,4930738,378651,154098,4378712
3,B,TCCTTCAC-TTGTTCCG,FR24,5400846,430022,164891,4783208
3,B,TGTCAGTG-TCGCATTC,DE37,4690864,394357,143202,4126020
3,B,TTCTGAGG-TCGAACCA,IS5,4132826,585262,139663,3393602
3,C,AAGACTGG-AGAGTTCG,LT16,4358874,535389,148443,3656857
3,C,ATGTTGGC-ACCTGTTG,RS4,6570176,499587,213603,5834618
3,C,CCTCATCT-CTGGTTCA,RS12,6954350,710312,225093,5980055
3,C,CGGAATTG-CGACAAGA,DE36,8669092,686571,273521,7678706
3,C,CAAGGTGA-CAGTCGAA,EN2,4548656,366765,143100,4016322
3,C,GACTTGAG-GTCAGAAC,FR17,5331988,409855,165915,4733386
3,C,TCCTTCAC-TTGTTCCG,FR25,4521968,352060,140542,4009584
3,C,TGTCAGTG-TCGCATTC,DE38,4407042,357297,136621,3891094
3,C,TTCTGAGG-TCGAACCA,IS6,6223784,486994,193561,5519231
3,D,AAGACTGG-AGAGTTCG,LT22,5156274,581751,169746,4381681
3,D,ATGTTGGC-ACCTGTTG,RS5,8647862,659814,274544,7682755
3,D,CCTCATCT-CTGGTTCA,RS13,8690246,991471,303783,7353548
3,D,CGGAATTG-CGACAAGA,SE12,5246676,1384511,185327,3663165
3,D,CAAGGTGA-CAGTCGAA,EN3,6359370,439165,196274,5696331
3,D,GACTTGAG-GTCAGAAC,FR18,6160838,486509,193339,5455157
3,D,TCCTTCAC-TTGTTCCG,FR26,5809184,407094,178329,5200349
3,D,TGTCAGTG-TCGCATTC,DE39,4774766,419983,151251,4180456
3,D,TTCTGAGG-TCGAACCA,IS7,6229702,506168,193199,5506983
3,E,AAGACTGG-AGAGTTCG,LT17,3993960,580951,138063,3257759
3,E,ATGTTGGC-ACCTGTTG,RS6,6565050,955465,221193,5357743
3,E,CCTCATCT-CTGGTTCA,RS14,7903608,698327,250922,6913914
3,E,CGGAATTG-CGACAAGA,SE13,4284256,516694,134712,3616670
3,E,CAAGGTGA-CAGTCGAA,EN4,5793966,412877,177271,5180969
3,E,GACTTGAG-GTCAGAAC,FR19,4268452,322941,132945,3794681
3,E,TCCTTCAC-TTGTTCCG,FR27,3966200,292731,122836,3531197
3,E,TGTCAGTG-TCGCATTC,DE40,4098930,390618,126821,3562299
3,E,TTCTGAGG-TCGAACCA,IS8,4479992,511921,142129,3808811
3,F,AAGACTGG-AGAGTTCG,LT23,4780710,604873,158773,3996206
3,F,ATGTTGGC-ACCTGTTG,RS7,6839846,676786,216422,5915903
3,F,CCTCATCT-CTGGTTCA,RS15,6261786,634429,243465,5362152
3,F,CGGAATTG-CGACAAGA,DK8,5850362,482345,177141,5164979
3,F,CAAGGTGA-CAGTCGAA,EN5,69154374,4934687,2122076,61815879
3,F,GACTTGAG-GTCAGAAC,FR20,5277550,417821,162695,4671712
3,F,TCCTTCAC-TTGTTCCG,FR28,5439954,442088,169119,4804830
3,F,TGTCAGTG-TCGCATTC,IS1,5072262,356191,155300,4543485
3,F,TTCTGAGG-TCGAACCA,NO1,4822196,485465,150429,4165255
3,G,AAGACTGG-AGAGTTCG,LT18,4056288,386452,132744,3519616
3,G,ATGTTGGC-ACCTGTTG,RS8,6082252,758726,206116,5095988
3,G,CCTCATCT-CTGGTTCA,RS16,10380388,1560908,405751,8372813
3,G,CGGAATTG-CGACAAGA,DK9,6184666,411789,185188,5554672
3,G,CAAGGTGA-CAGTCGAA,EN6,5867810,442775,181852,5216783
3,G,GACTTGAG-GTCAGAAC,FR21,5495198,463373,171800,4837775
3,G,TCCTTCAC-TTGTTCCG,FR29,5264740,433217,163031,4643842
3,G,TGTCAGTG-TCGCATTC,IS2,5524076,402698,169574,4932245
3,G,TTCTGAGG-TCGAACCA,NO2,4801512,409916,148668,4221601
3,H,AAGACTGG-AGAGTTCG,RS1,6074196,901938,213777,4932186
3,H,ATGTTGGC-ACCTGTTG,RS9,7317814,926984,247330,6105269
3,H,CCTCATCT-CTGGTTCA,RS17,10111072,993889,334644,8733329
3,H,CGGAATTG-CGACAAGA,DK10,6409070,428499,192295,5757757
3,H,CAAGGTGA-CAGTCGAA,EN7,7679680,540766,230971,6877594
3,H,GACTTGAG-GTCAGAAC,FR22,5824698,498239,182453,5120559
3,H,TCCTTCAC-TTGTTCCG,FR30,5554740,472683,171395,4885058
3,H,TGTCAGTG-TCGCATTC,IS3,5608554,380351,171407,5037519
3,H,TTCTGAGG-TCGAACCA,NO3,5486870,411566,167615,4884273
3,10,AAGACTGG-AGAGTTCG,NO4,3744960,316581,116765,3289294
3,10,ATGTTGGC-ACCTGTTG,NO5,4299772,342012,133709,3803485
3,10,CCTCATCT-CTGGTTCA,NO6,4733986,418623,151386,4142620
3,10,CGGAATTG-CGACAAGA,NO7,4056132,379519,125792,3534018
3,10,CAAGGTGA-CAGTCGAA,NO8,4290396,381235,135657,3753839
3,10,GACTTGAG-GTCAGAAC,SC1,4655166,391351,143402,4102557
3,10,TGTCAGTG-TCGCATTC,SC2,4266684,305765,132552,3811680
3,10,TTCTGAGG-TCGAACCA,SC3,4546476,323297,138701,4065607
3,11,AAGACTGG-AGAGTTCG,SC4,3862966,361504,122308,3357590
3,11,ATGTTGGC-ACCTGTTG,SC5,4999572,401218,153409,4425005
3,11,CCTCATCT-CTGGTTCA,SC6,4668528,288065,144717,4215901
3,11,CGGAATTG-CGACAAGA,SC7,5389616,320568,162863,4883449
3,11,CAAGGTGA-CAGTCGAA,SC8,4594708,349129,142546,4084414
3,11,GACTTGAG-GTCAGAAC,FR32,5049868,383979,156640,4489698
4,A,AAGACTGG-AGAGTTCG,ES9,4344576,435305,161767,3725248
4,A,ATGTTGGC-ACCTGTTG,EN9,5207182,948686,219023,4024530
4,A,CCTCATCT-CTGGTTCA,FR41,6509744,511777,254012,5721741
4,A,CGGAATTG-CGACAAGA,PL10,7461000,1126265,302029,6009414
4,A,CAAGGTGA-CAGTCGAA,PL11,1526700,302866,101075,1118803
4,A,GACTTGAG-GTCAGAAC,FR42,8291006,557079,312440,7392941
4,A,TCCTTCAC-TTGTTCCG,EN10,5577656,598934,206202,4751780
4,A,TGTCAGTG-TCGCATTC,EN11,5797544,534374,215786,5024701
4,A,TTCTGAGG-TCGAACCA,PT1,7012094,418808,247693,6316246
4,B,AAGACTGG-AGAGTTCG,ES10,4647522,356142,167894,4099093
4,B,ATGTTGGC-ACCTGTTG,EN12,5477688,1035779,236237,4190299
4,B,CCTCATCT-CTGGTTCA,FR43,8178936,499430,310914,7340217
4,B,CGGAATTG-CGACAAGA,PL12,6638952,1407909,287301,4926510
4,B,CAAGGTGA-CAGTCGAA,PL13,1372172,147888,56232,1163279
4,B,GACTTGAG-GTCAGAAC,EN13,7740820,748567,289414,6674856
4,B,TCCTTCAC-TTGTTCCG,EN14,6819338,586303,246834,5961685
4,B,TGTCAGTG-TCGCATTC,PL14,2392280,385478,188010,1811458
4,B,TTCTGAGG-TCGAACCA,PT2,5951302,354295,213797,5358781
4,C,AAGACTGG-AGAGTTCG,ES11,3787796,300536,138350,3328150
4,C,ATGTTGGC-ACCTGTTG,EN15,4539772,326240,171346,4026059
4,C,CCTCATCT-CTGGTTCA,PL15,4718866,346904,200370,4155296
4,C,CGGAATTG-CGACAAGA,PL16,6347664,445951,237529,5641324
4,C,CAAGGTGA-CAGTCGAA,PL17,4981200,472032,202316,4290059
4,C,GACTTGAG-GTCAGAAC,EN16,6441240,617216,240280,5559832
4,C,TCCTTCAC-TTGTTCCG,EN17,5979762,534874,221523,5201887
4,C,TGTCAGTG-TCGCATTC,PL18,2385390,267709,106287,2004151
4,C,TTCTGAGG-TCGAACCA,PT3,5363856,341907,192930,4808364
4,D,AAGACTGG-AGAGTTCG,SE14,5233022,491331,187316,4528123
4,D,ATGTTGGC-ACCTGTTG,EN18,6197472,592201,238028,5346909
4,D,CCTCATCT-CTGGTTCA,PL19,6852056,678094,301891,5847958
4,D,CGGAATTG-CGACAAGA,PL20,1578584,233177,89870,1250701
4,D,CAAGGTGA-CAGTCGAA,LT19,6104520,808029,244867,5031427
4,D,GACTTGAG-GTCAGAAC,EN19,6436526,594448,239001,5577902
4,D,TCCTTCAC-TTGTTCCG,EN20,6520140,651333,243657,5598726
4,D,TGTCAGTG-TCGCATTC,PL21,205658,30996,20391,153643
4,D,TTCTGAGG-TCGAACCA,PT4,5242114,322284,188280,4710744
4,E,AAGACTGG-AGAGTTCG,SE15,3179734,300858,120996,2741184
4,E,ATGTTGGC-ACCTGTTG,EN21,5023240,618089,198891,4189527
4,E,CCTCATCT-CTGGTTCA,PL22,4485194,526764,267709,3677544
4,E,CGGAATTG-CGACAAGA,FR44,3448646,260980,182738,2993811
4,E,CAAGGTGA-CAGTCGAA,PL23,4577600,412281,185538,3962297
4,E,GACTTGAG-GTCAGAAC,EN22,5883034,647992,222121,4991341
4,E,TCCTTCAC-TTGTTCCG,EN23,5885354,819058,243268,4803651
4,E,TGTCAGTG-TCGCATTC,PL24,552530,72702,51111,426857
4,E,TTCTGAGG-TCGAACCA,PT5,6189124,380301,221060,5564450
4,F,AAGACTGG-AGAGTTCG,SE16,4535742,503760,170530,3839340
4,F,ATGTTGGC-ACCTGTTG,EN24,6659170,590621,247804,5797335
4,F,CCTCATCT-CTGGTTCA,PL25,2522914,234401,127296,2152647
4,F,CGGAATTG-CGACAAGA,PL26,1355168,210679,86583,1053596
4,F,CAAGGTGA-CAGTCGAA,LT120,7157890,541147,268361,6322285
4,F,GACTTGAG-GTCAGAAC,EN25,71867104,8801092,2740860,60072914
4,F,TCCTTCAC-TTGTTCCG,SC9,6349750,450772,224254,5647176
4,F,TGTCAGTG-TCGCATTC,ES12,7007300,432050,254399,6290857
4,F,TTCTGAGG-TCGAACCA,PT6,6635746,450334,242112,5916462
4,G,AAGACTGG-AGAGTTCG,SE17,3423636,352682,128021,2924594
4,G,ATGTTGGC-ACCTGTTG,FR45,6257412,408432,234955,5592159
4,G,CCTCATCT-CTGGTTCA,PL27,1581828,135385,68477,1372597
4,G,CGGAATTG-CGACAAGA,PL28,2747042,360526,144592,2233691
4,G,CAAGGTGA-CAGTCGAA,PL29,4165296,592974,237797,3321068
4,G,GACTTGAG-GTCAGAAC,EN26,5976026,521619,221834,5210407
4,G,TCCTTCAC-TTGTTCCG,ES13,3746650,347227,136224,3248284
4,G,TGTCAGTG-TCGCATTC,WL1,5264216,452149,195225,4597093
4,G,TTCTGAGG-TCGAACCA,ES14,5118998,321466,186503,4591020
4,H,AAGACTGG-AGAGTTCG,EN27,4705306,511160,187061,3985252
4,H,ATGTTGGC-ACCTGTTG,FR46,7449330,573137,282009,6567688
4,H,CCTCATCT-CTGGTTCA,PL30,7248566,495750,287879,6439682
4,H,CGGAATTG-CGACAAGA,FR47,8084386,474190,300473,7279751
4,H,CAAGGTGA-CAGTCGAA,ES15,5738080,355982,201705,5154588
4,H,GACTTGAG-GTCAGAAC,EN28,6345558,729129,239977,5352592
4,H,TCCTTCAC-TTGTTCCG,PL31,5243094,488474,228884,4507685
4,H,TGTCAGTG-TCGCATTC,WL2,5796564,481988,211610,5079847
4,H,TTCTGAGG-TCGAACCA,ES16,5109568,323646,186068,4579401
4,10,AAGACTGG-AGAGTTCG,ES17,4698682,343380,172960,4157432
4,10,ATGTTGGC-ACCTGTTG,ES18,5402778,353135,195925,4830841
4,10,CCTCATCT-CTGGTTCA,ES19,5993594,389479,220689,5361185
4,10,CGGAATTG-CGACAAGA,ES20,5425260,359426,198212,4847074
4,10,CAAGGTGA-CAGTCGAA,ES21,5905518,371735,207846,5304566
4,10,GACTTGAG-GTCAGAAC,ES22,6262732,401339,222986,5614370
4,10,TGTCAGTG-TCGCATTC,ES23,5350122,350884,191409,4785837
4,10,TTCTGAGG-TCGAACCA,ES24,5170240,319617,186410,4643395
4,11,AAGACTGG-AGAGTTCG,ES25,10619722,728309,384028,9459389
4,11,ATGTTGGC-ACCTGTTG,ES26,4716782,285025,170109,4243721
4,11,CCTCATCT-CTGGTTCA,WL3,7503996,635540,281913,6561921
4,11,CGGAATTG-CGACAAGA,WL4,5650292,524646,208420,4894934
4,11,CAAGGTGA-CAGTCGAA,ES27,4808278,355759,176663,4253660
4,11,GACTTGAG-GTCAGAAC,PT7,7190698,526612,260173,6375152
test,1,AAGACTGG-AGAGTTCG,DE41,4541282,100165,210256,3689686
test,2,ATGTTGGC-ACCTGTTG,LT24,6002204,140284,254036,5178873
test,3,ATTGGCTG-AATCGCCT,BE9,10376476,86116,424514,9365887
test,4,CCTCATCT-CTGGTTCA,DK12,4728484,400974,330353,3056482
test,5,CGGAATTG-CGACAAGA,ES28,9230812,113633,380957,8460922
test,6,CAAGGTGA-CAGTCGAA,ES29,8990534,126611,371393,8203543
test,7,GACTTGAG-GTCAGAAC,LT25,5866100,230359,250847,5031328
test,8,GAATCACG-GGCAATCT,DE42,8643280,282019,345198,7082831
test,9,GGATTGTC-GTGGTCTT,MK4,9121204,125290,380831,8168072
test,10,TCCTTCAC-TTGTTCCG,SE18,4103434,490369,183150,2763230
test,11,TGTCAGTG-TCGCATTC,FR33,10541366,176772,460900,9496963
test,12,TTCTGAGG-TCGAACCA,PL32,9998040,363586,438581,8419782
test,13,AAGACTGG-AGAGTTCG,PL33,4417302,127270,179333,3656003
test,14,ATGTTGGC-ACCTGTTG,PL34,7141236,217913,301187,6083974
test,15,CGGAATTG-CGACAAGA,EN29,7009480,158409,290891,6196311
test,16,CCTCATCT-CTGGTTCA,TN4,6535418,1031489,327060,3853257
,,,total,2154231606,193225356,74579423,1878153259
,,,average,6262301.18,561701.6163,216800.6483,5459747.846
,,,median,5846615,495345,201954,5101172
,,,max,71867104,8801092,2740860,61815879
,,,min,23814,2143,1001,20585
,,,stdev,5186873.492,541692.1714,179865.8779,4503961.686