Parameter,value,Initial coverage mean, Std Dev, Max,"After merging, coverage depth Mean", Std Dev, Max,,,
m,2,15.98,141.75,64628,18.85,17.73,334,,,
m,2,20.60,103.73,44269,26.40,24.98,335,,,
m,2,13.97,80.06,28267,16.40,14.96,201,,,
m,2,17.28,31.76,5074,21.86,20.11,182,,,
m,2,17.84,122.90,55647,21.86,20.16,325,,,
m,2,19.97,143.08,63834,25.14,23.37,421,,,
m,2,15.22,135.66,63747,19.23,18.20,292,,,
m,2,19.49,204.96,92191,23.50,21.68,380,,,
m,2,24.01,180.52,88262,30.27,29.35,497,,,
m,2,21.88,196.39,97230,27.37,28.83,496,,,
m,2,16.16,150.40,74674,20.04,21.37,388,,,
m,2,20.53,174.19,80784,25.37,24.91,460,,,
m,2,18.33,178.77,90590,22.74,24.31,421,,,
m,2,13.52,57.60,23153,17.07,17.29,291,,,
m,2,8.80,46.21,22295,11.63,13.06,128,,,
m,2,8.42,42.45,21303,11.10,12.89,164,,,
m,2,8.15,45.15,21470,10.68,11.65,169,,,
m,2,12.82,120.10,66500,16.46,18.31,263,,,
m,2,22.52,98.12,38087,28.78,26.26,418,,,
m,2,27.05,167.86,71752,34.81,28.37,496,,,
m,2,13.98,112.87,46283,15.14,14.72,277,,,
m,2,10.00,149.28,56867,9.54,10.71,280,,,
m,2,19.69,96.87,37262,23.25,22.26,390,,,
m,2,10.31,68.16,36390,13.78,15.86,229,,,
m,2,17.65,88.42,37933,23.01,22.92,283,,,
m,2,15.43,98.71,41384,18.60,17.66,336,,,
m,2,12.35,82.63,39577,15.45,16.40,210,,,
m,2,15.98,111.81,54814,20.61,21.55,341,,,
m,2,15.85,112.96,52017,20.21,20.57,433,,,
m,2,15.09,107.74,49541,18.85,18.51,299,,,
m,2,11.68,91.41,46332,14.60,15.80,268,,,
m,2,14.21,92.74,44055,18.20,18.65,371,,,
m,2,14.40,78.18,32542,17.99,17.71,193,,,
m,2,12.45,82.42,41484,15.42,16.84,331,,,
m,2,11.91,84.08,40458,14.75,15.52,249,,,
m,2,10.62,80.70,39533,12.50,12.85,323,,,
m,2,28.46,390.89,436626,18.56,64.39,1313,,,
m,2,19.45,106.69,41473,23.15,20.42,348,,,
m,2,18.45,114.09,46000,21.67,19.87,380,,,
m,2,11.86,73.18,40835,14.91,15.89,273,,,
m,2,14.44,74.46,29661,17.59,16.89,245,,,
m,2,18.89,105.72,44128,24.06,23.39,306,,,
m,2,18.72,105.77,42766,23.21,21.08,297,,,
m,2,32.01,359.86,378806,27.99,65.52,1084,,,
m,2,16.37,95.51,41339,20.88,20.89,263,,,
m,2,17.88,126.83,60889,23.93,24.66,382,,,
m,2,13.75,70.98,28906,17.21,16.88,222,,,
m,2,14.22,75.56,31144,17.56,15.98,302,,,
m,2,8.52,58.09,27528,11.08,10.92,148,,,
m,2,10.11,53.02,22287,12.69,11.99,187,,,
m,2,9.80,66.54,34643,12.97,13.92,220,,,
m,2,9.60,62.01,32485,12.72,13.94,183,,,
m,2,8.57,54.93,28849,11.27,12.53,172,,,
m,2,11.77,74.66,36575,15.36,16.25,198,,,
m,2,8.43,56.99,34296,11.11,13.58,202,,,
m,2,7.70,42.95,24911,9.78,12.41,151,,,
m,2,7.69,65.88,41809,10.00,12.21,200,,,
m,2,9.69,63.73,36414,12.70,15.59,184,,,
m,2,8.57,50.51,28012,11.34,13.43,178,,,
m,2,8.22,48.43,26977,10.89,12.87,155,,,
m,2,12.80,117.49,79228,16.98,21.26,306,,,
m,2,10.74,51.53,24068,14.24,15.67,173,,,
m,2,11.07,64.92,30640,14.45,14.95,239,,,
m,2,24.58,158.16,73853,31.24,27.88,450,,,
m,2,11.60,86.16,56037,15.00,18.95,198,,,
m,2,20.82,148.30,67168,26.43,25.11,464,,,
m,2,21.19,153.06,71492,27.06,26.53,398,,,
m,2,22.02,149.89,68143,27.78,26.20,545,,,
m,2,18.98,132.93,62762,24.15,23.84,429,,,
m,2,13.11,66.27,26471,15.78,14.75,225,,,
m,2,20.94,119.39,51517,27.19,25.08,381,,,
m,2,17.68,201.70,96918,21.32,20.86,580,,,
m,2,21.60,165.89,78867,27.56,25.70,427,,,
m,2,21.97,135.57,59753,28.72,25.61,330,,,
m,2,21.71,196.95,95726,27.56,26.76,613,,,
m,2,9.81,53.87,26828,12.64,14.24,156,,,
m,2,10.51,57.86,28852,13.95,15.87,201,,,
m,2,10.23,61.45,33740,13.69,16.37,221,,,
m,2,8.52,46.37,22906,11.35,12.49,150,,,
m,2,15.05,71.45,29989,19.14,18.77,269,,,
m,2,10.39,59.42,30478,13.51,15.57,223,,,
m,2,10.60,61.19,31807,14.03,16.13,205,,,
m,2,11.34,102.98,63612,15.37,17.43,285,,,
m,2,8.58,62.29,35325,11.40,13.24,167,,,
m,2,10.94,56.85,25384,14.16,14.74,158,,,
m,2,14.67,79.24,36173,19.36,19.73,241,,,
m,2,10.43,49.27,21033,13.38,13.77,224,,,
m,2,9.94,59.56,30902,13.25,15.09,227,,,
m,2,8.76,54.30,29328,11.61,13.72,200,,,
m,2,8.82,54.22,29713,11.59,14.10,180,,,
m,2,7.92,43.98,21907,10.45,11.71,164,,,
m,2,10.03,52.01,25709,12.91,14.87,174,,,
m,2,22.28,184.63,95045,28.73,28.57,548,,,
m,2,10.35,73.19,29514,11.82,10.83,197,,,
m,2,21.73,145.10,66183,27.43,23.97,349,,,
m,2,18.44,109.59,47147,23.02,21.61,298,,,
m,2,19.40,102.74,40871,23.67,21.99,370,,,
m,2,13.52,115.90,51472,16.01,16.13,290,,,
m,2,21.15,126.53,52558,26.53,25.22,372,,,
m,2,16.51,120.27,56639,20.43,19.71,319,,,
m,2,19.17,113.28,49395,24.46,22.77,347,,,
m,2,23.00,152.31,63231,28.42,25.38,414,,,
m,2,22.61,139.15,55449,27.37,24.41,516,,,
m,2,19.44,31.88,4807,21.53,23.21,165,,,
m,2,11.07,151.43,81366,13.32,14.58,289,,,
m,2,18.55,116.79,48508,22.79,22.27,336,,,
m,2,14.60,149.59,79947,17.86,18.66,342,,,
m,2,21.05,87.31,30627,25.43,23.29,307,,,
m,2,14.60,72.83,31724,19.23,21.12,260,,,
m,2,19.72,80.22,29965,25.20,24.51,307,,,
m,2,10.15,70.01,35744,13.55,15.06,188,,,
m,2,9.57,47.03,19821,12.01,12.42,152,,,
m,2,21.04,94.99,36538,26.89,26.23,302,,,
m,2,18.76,89.90,36597,23.94,24.41,455,,,
m,2,11.22,58.91,24791,14.23,14.56,198,,,
m,2,23.49,175.92,73709,30.00,31.10,431,,,
m,2,13.52,192.96,98211,15.86,18.81,363,,,
m,2,18.62,142.70,56982,22.71,23.31,308,,,
m,2,19.75,143.75,54714,23.20,22.52,391,,,
m,2,11.91,225.92,107019,12.88,13.95,438,,,
m,2,14.26,187.09,80465,15.62,17.68,417,,,
m,2,12.03,126.68,48877,13.06,12.52,271,,,
m,2,11.43,115.14,59483,14.05,13.58,334,,,
m,2,18.92,161.04,68606,23.34,25.49,401,,,
m,2,17.90,173.63,77530,21.31,23.21,343,,,
m,2,12.73,61.91,25939,16.16,16.61,223,,,
m,2,14.02,63.81,25822,17.73,18.01,233,,,
m,2,16.21,73.22,29900,20.92,22.11,246,,,
m,2,9.85,50.35,21431,12.63,13.02,143,,,
m,2,12.15,54.99,22629,15.49,15.94,201,,,
m,2,12.12,57.35,24677,15.58,16.29,213,,,
m,2,9.47,48.82,22126,12.35,12.45,157,,,
m,2,8.04,47.09,23661,10.57,11.76,142,,,
m,2,4.54,14.34,3527,4.91,4.27,60,,,
m,2,6.20,29.27,3855,6.86,6.00,104,,,
m,2,2.79,7.96,308,2.47,1.23,27,,,
m,2,3.13,12.81,2076,2.98,1.77,43,,,
m,2,11.06,25.56,4177,13.88,13.73,127,,,
m,2,14.69,67.25,20664,15.64,15.97,261,,,
m,2,12.28,52.72,15850,12.99,12.69,222,,,
m,2,15.30,72.75,22337,16.36,16.97,258,,,
m,2,10.63,48.48,13623,11.17,10.42,163,,,
m,2,7.29,29.54,7538,7.60,6.17,100,,,
m,2,7.54,31.10,7460,7.78,6.42,135,,,
m,2,9.66,44.26,11587,10.03,9.13,134,,,
m,2,8.48,38.33,9161,8.71,7.56,130,,,
m,2,8.53,39.07,9697,8.75,7.63,136,,,
m,2,10.94,49.21,13339,11.39,10.73,206,,,
m,2,10.86,94.92,55865,14.46,16.40,203,,,
m,2,11.99,71.71,36210,15.95,17.75,228,,,
m,2,11.18,65.42,32213,14.85,15.91,235,,,
m,2,8.79,57.29,31357,11.65,13.19,159,,,
m,2,8.70,66.22,40126,11.39,13.87,188,,,
m,2,9.74,66.32,38768,12.84,15.34,234,,,
m,2,10.19,72.53,42941,13.37,16.30,226,,,
m,2,14.42,89.57,37737,17.16,18.54,299,,,
m,2,21.14,146.42,57507,24.55,23.94,438,,,
m,2,19.40,150.01,61172,23.09,23.67,538,,,
m,2,18.51,158.46,70299,20.15,23.80,486,,,
m,2,25.87,170.40,67776,32.05,30.44,501,,,
m,2,14.80,102.39,38418,15.72,16.02,273,,,
m,2,20.37,124.11,44731,24.27,22.87,450,,,
m,2,15.86,122.51,46878,17.07,17.54,379,,,
m,2,13.26,138.41,63965,15.55,17.27,312,,,
m,2,16.25,150.24,62651,17.43,19.53,653,,,
m,2,12.39,65.68,27441,16.01,16.34,192,,,
m,2,12.15,57.47,22899,15.58,16.45,190,,,
m,2,12.34,65.61,27053,15.98,16.34,265,,,
m,2,11.74,56.80,22438,14.48,14.61,212,,,
m,2,16.39,80.96,31773,20.38,19.92,260,,,
m,2,16.80,72.65,27049,20.77,19.69,271,,,
m,2,17.43,89.07,35791,22.13,21.75,294,,,
m,2,12.29,64.95,27304,15.85,16.40,190,,,
m,2,17.32,97.55,42170,22.60,23.40,330,,,
m,2,18.57,102.48,43402,22.82,22.71,342,,,
m,2,8.54,52.57,21789,8.96,9.35,179,,,
m,2,14.79,67.09,24540,16.99,14.97,218,,,
m,2,7.51,71.56,42145,9.95,10.71,161,,,
m,2,6.64,35.81,16563,8.62,9.08,137,,,
m,2,7.34,58.99,31594,9.57,10.25,213,,,
m,2,6.91,46.62,22462,9.01,8.93,158,,,
m,2,8.74,51.42,20605,9.32,9.55,184,,,
m,2,14.78,89.13,36460,16.84,16.92,294,,,
m,2,14.13,26.49,4416,17.28,16.78,123,,,
m,2,7.73,68.64,38875,9.10,9.20,219,,,
m,2,15.25,106.28,43813,18.81,18.18,267,,,
m,2,10.33,101.84,40717,11.88,11.03,222,,,
m,2,21.65,158.57,70174,27.55,24.15,342,,,
m,2,20.41,133.88,56563,25.80,23.56,419,,,
m,2,17.04,102.00,40872,20.88,18.50,360,,,
m,2,8.85,82.45,36183,8.74,11.04,246,,,
m,2,14.69,81.40,33895,17.57,17.68,282,,,
m,2,16.98,97.50,40161,20.56,20.48,371,,,
m,2,17.79,115.19,52268,21.87,23.35,380,,,
m,2,16.02,82.57,33857,19.04,19.96,253,,,
m,3,20.00,160.61,64628,22.09,18.85,371,,,
m,3,25.69,116.57,44269,29.76,25.76,477,,,
m,3,16.44,87.72,28267,18.33,15.33,286,,,
m,3,22.00,35.01,5074,26.02,20.77,203,,,
m,3,22.56,139.67,55647,25.48,21.14,497,,,
m,3,25.56,163.42,63834,29.16,24.31,504,,,
m,3,19.48,155.74,63747,22.67,19.22,486,,,
m,3,24.91,234.27,92191,27.25,23.07,520,,,
m,3,32.15,210.70,88262,36.90,30.75,705,,,
m,3,32.13,241.13,97230,35.69,31.12,720,,,
m,3,22.64,181.20,74674,25.57,23.18,601,,,
m,3,28.23,206.77,80784,31.05,26.52,659,,,
m,3,27.12,221.26,90590,30.11,26.92,715,,,
m,3,16.88,65.06,23153,19.87,17.86,291,,,
m,3,11.32,53.87,22295,14.57,14.16,198,,,
m,3,11.03,50.13,21303,14.37,14.25,160,,,
m,3,10.71,53.51,21470,13.65,12.66,211,,,
m,3,17.25,142.32,66500,21.17,20.23,364,,,
m,3,28.43,110.64,38087,31.79,26.53,418,,,
m,3,35.29,192.81,71752,39.30,28.83,632,,,
m,3,18.33,131.54,46283,18.77,15.87,472,,,
m,3,13.56,179.31,56867,12.29,12.72,398,,,
m,3,24.90,109.65,37262,26.77,22.89,458,,,
m,3,13.33,79.35,36390,17.38,17.13,227,,,
m,3,22.79,101.38,37933,26.76,23.56,332,,,
m,3,19.31,111.78,41384,21.74,18.13,352,,,
m,3,15.91,95.53,39577,18.95,17.27,430,,,
m,3,20.49,128.25,54814,24.95,22.35,407,,,
m,3,20.04,128.64,52017,23.95,21.40,433,,,
m,3,19.11,122.91,49541,22.42,19.07,339,,,
m,3,14.68,104.44,46332,17.65,16.68,324,,,
m,3,17.86,105.43,44055,21.61,19.28,371,,,
m,3,17.86,88.12,32542,20.76,18.30,356,,,
m,3,15.88,94.73,41484,18.66,17.82,387,,,
m,3,15.37,97.44,40458,18.23,16.31,267,,,
m,3,13.14,91.59,39533,15.05,13.59,321,,,
m,3,66.64,608.94,436626,87.50,159.84,1704,,,
m,3,23.37,117.70,41473,25.70,20.73,395,,,
m,3,22.68,127.58,46000,24.91,20.32,451,,,
m,3,14.23,81.33,40835,17.30,16.85,386,,,
m,3,17.82,83.63,29661,20.16,17.34,259,,,
m,3,23.88,119.87,44128,27.50,24.06,410,,,
m,3,23.38,119.20,42766,26.17,21.55,426,,,
m,3,63.43,513.04,378806,92.16,158.72,1467,,,
m,3,20.71,108.63,41339,24.19,21.54,479,,,
m,3,22.82,144.87,60889,27.98,25.62,512,,,
m,3,17.05,80.02,28906,19.95,17.39,290,,,
m,3,16.99,83.42,31144,19.78,16.32,302,,,
m,3,10.82,67.44,27528,13.48,11.59,219,,,
m,3,12.50,60.13,22287,14.90,12.40,187,,,
m,3,12.64,77.53,34643,16.15,14.99,265,,,
m,3,12.42,72.42,32485,15.97,15.13,223,,,
m,3,10.71,63.09,28849,13.91,13.64,193,,,
m,3,15.18,86.48,36575,18.87,17.28,308,,,
m,3,10.60,65.73,34296,14.15,15.18,245,,,
m,3,9.93,50.48,24911,12.98,14.60,189,,,
m,3,9.87,77.36,41809,13.09,13.90,215,,,
m,3,12.50,74.28,36414,16.52,17.55,271,,,
m,3,10.87,58.50,28012,14.40,14.96,187,,,
m,3,10.40,56.11,26977,13.77,14.26,184,,,
m,3,15.90,133.13,79228,21.47,23.65,496,,,
m,3,13.52,58.91,24068,17.23,16.61,184,,,
m,3,13.78,73.76,30640,17.25,15.72,276,,,
m,3,30.71,177.84,73853,35.63,28.85,659,,,
m,3,14.78,99.21,56037,19.59,21.71,321,,,
m,3,26.27,168.05,67168,30.48,26.23,699,,,
m,3,27.45,175.83,71492,31.89,27.87,623,,,
m,3,28.10,170.67,68143,32.33,27.12,566,,,
m,3,25.00,154.25,62762,29.18,24.99,459,,,
m,3,15.53,72.93,26471,17.84,15.09,248,,,
m,3,26.72,135.88,51517,31.21,25.90,474,,,
m,3,23.37,235.20,96918,25.92,22.64,530,,,
m,3,28.11,191.01,78867,32.48,27.07,497,,,
m,3,27.67,153.20,59753,32.35,26.73,559,,,
m,3,28.98,230.03,95726,32.99,28.87,781,,,
m,3,12.56,62.40,26828,15.73,15.33,235,,,
m,3,13.40,66.70,28852,17.31,17.13,239,,,
m,3,12.72,69.93,33740,16.92,17.78,221,,,
m,3,10.77,53.62,22906,14.06,13.46,186,,,
m,3,19.01,81.16,29989,22.41,19.27,275,,,
m,3,13.42,69.07,30478,17.04,16.86,243,,,
m,3,13.76,71.29,31807,17.81,17.58,258,,,
m,3,14.34,118.20,63612,19.22,18.94,378,,,
m,3,10.86,72.15,35325,14.30,14.49,231,,,
m,3,13.67,64.70,25384,16.86,15.39,205,,,
m,3,18.26,89.42,36173,22.46,20.40,296,,,
m,3,13.27,56.67,21033,16.11,14.49,205,,,
m,3,12.76,69.11,30902,16.57,16.38,227,,,
m,3,11.16,63.05,29328,14.66,15.10,222,,,
m,3,11.41,63.48,29713,15.00,15.74,196,,,
m,3,10.23,51.70,21907,13.26,12.81,164,,,
m,3,12.87,60.25,25709,16.12,16.03,231,,,
m,3,30.53,218.44,95045,35.40,30.82,582,,,
m,3,12.97,83.73,29514,14.06,11.58,300,,,
m,3,26.62,161.73,66183,30.86,24.83,501,,,
m,3,22.92,123.24,47147,26.40,22.42,435,,,
m,3,24.50,116.33,40871,26.93,22.72,498,,,
m,3,17.87,135.77,51472,19.60,17.21,447,,,
m,3,27.55,145.61,52558,30.50,26.07,462,,,
m,3,21.52,139.15,56639,24.82,20.76,461,,,
m,3,24.14,128.21,49395,28.00,23.63,427,,,
m,3,30.40,176.53,63231,33.10,25.76,539,,,
m,3,29.22,159.35,55449,31.56,24.94,686,,,
m,3,29.57,36.44,4807,32.22,25.43,207,,,
m,3,14.92,180.61,81366,17.33,16.09,375,,,
m,3,24.06,134.40,48508,26.85,22.82,463,,,
m,3,17.93,168.04,79947,21.00,19.76,459,,,
m,3,27.03,99.32,30627,28.30,23.59,404,,,
m,3,18.95,84.03,31724,22.84,21.88,275,,,
m,3,26.57,93.54,29965,29.14,24.87,401,,,
m,3,12.98,81.07,35744,16.71,16.08,289,,,
m,3,12.13,54.18,19821,14.54,12.96,200,,,
m,3,27.75,109.68,36538,30.69,26.54,403,,,
m,3,24.63,103.85,36597,27.97,25.04,455,,,
m,3,14.78,69.03,24791,17.39,15.18,263,,,
m,3,33.47,212.15,73709,37.52,33.29,874,,,
m,3,18.99,234.13,98211,21.53,21.47,541,,,
m,3,25.38,168.79,56982,28.06,24.84,544,,,
m,3,25.72,165.74,54714,27.70,23.96,462,,,
m,3,15.01,258.76,107019,15.91,16.16,500,,,
m,3,20.30,228.36,80465,21.15,19.89,505,,,
m,3,16.19,150.45,48877,16.65,13.65,350,,,
m,3,14.24,131.03,59483,17.12,14.33,382,,,
m,3,26.22,192.24,68606,29.54,27.10,423,,,
m,3,25.38,210.15,77530,27.71,25.46,619,,,
m,3,16.01,70.42,25939,19.06,17.16,320,,,
m,3,17.65,72.44,25822,20.70,18.56,237,,,
m,3,21.53,85.23,29900,25.34,23.08,305,,,
m,3,12.59,58.24,21431,15.34,13.74,271,,,
m,3,15.20,62.38,22629,18.28,16.59,294,,,
m,3,15.00,64.71,24677,18.32,16.99,244,,,
m,3,11.44,54.71,22126,14.53,13.02,182,,,
m,3,10.19,54.69,23661,13.20,12.80,190,,,
m,3,6.40,18.67,3527,6.62,4.80,94,,,
m,3,8.18,35.35,3855,8.65,6.25,114,,,
m,3,5.11,15.55,308,3.90,2.94,48,,,
m,3,4.74,19.84,2076,4.19,2.54,76,,,
m,3,14.76,29.56,4177,17.84,14.04,127,,,
m,3,17.88,74.88,20664,18.76,16.47,261,,,
m,3,14.94,58.83,15850,15.59,12.97,230,,,
m,3,18.73,81.24,22337,19.65,17.48,269,,,
m,3,12.83,54.10,13623,13.39,10.60,163,,,
m,3,8.76,33.25,7538,9.06,6.33,105,,,
m,3,9.10,35.06,7460,9.30,6.54,135,,,
m,3,11.69,49.58,11587,12.05,9.32,188,,,
m,3,10.27,43.13,9161,10.47,7.74,141,,,
m,3,10.33,43.97,9697,10.56,7.90,193,,,
m,3,13.28,55.03,13339,13.73,11.11,221,,,
m,3,14.03,110.42,55865,18.42,18.05,380,,,
m,3,15.88,84.20,36210,20.26,19.14,229,,,
m,3,14.38,75.69,32213,18.31,17.04,276,,,
m,3,11.39,67.16,31357,14.92,14.67,228,,,
m,3,11.06,76.88,40126,14.67,15.63,214,,,
m,3,12.23,76.09,38768,16.16,16.96,234,,,
m,3,12.83,83.25,42941,17.03,18.22,287,,,
m,3,18.17,101.93,37737,20.47,19.75,371,,,
m,3,29.41,174.57,57507,31.47,25.49,592,,,
m,3,26.74,178.39,61172,29.16,24.96,477,,,
m,3,29.04,202.08,70299,30.40,27.03,742,,,
m,3,36.15,202.93,67776,39.72,32.20,647,,,
m,3,20.06,121.24,38418,20.67,17.23,458,,,
m,3,26.27,142.16,44731,28.49,23.75,520,,,
m,3,21.26,144.09,46878,21.93,19.13,514,,,
m,3,17.85,163.99,63965,20.23,18.73,423,,,
m,3,23.46,183.96,62651,23.92,21.85,562,,,
m,3,15.41,74.36,27441,18.77,16.86,277,,,
m,3,15.61,66.19,22899,18.60,17.14,212,,,
m,3,15.18,73.81,27053,18.57,16.87,265,,,
m,3,14.55,64.21,22438,16.92,15.10,216,,,
m,3,20.67,91.78,31773,23.47,20.44,390,,,
m,3,20.94,81.69,27049,23.45,20.16,310,,,
m,3,22.21,101.46,35791,25.37,22.33,392,,,
m,3,15.31,73.59,27304,18.59,17.02,271,,,
m,3,21.76,110.37,42170,26.06,24.14,368,,,
m,3,23.99,117.56,43402,27.11,23.42,442,,,
m,3,12.13,65.14,21789,12.80,10.09,280,,,
m,3,17.70,74.04,24540,19.30,15.17,293,,,
m,3,9.53,83.57,42145,12.51,11.70,216,,,
m,3,8.69,42.85,16563,10.99,9.99,173,,,
m,3,9.30,68.84,31594,12.00,11.13,213,,,
m,3,8.46,53.40,22462,10.79,9.47,196,,,
m,3,12.15,62.82,20605,12.92,10.17,221,,,
m,3,19.45,103.77,36460,21.25,17.51,318,,,
m,3,19.58,30.34,4416,22.50,17.54,216,,,
m,3,10.18,81.86,38875,11.99,10.02,275,,,
m,3,20.50,125.18,43813,22.90,19.31,384,,,
m,3,14.02,122.15,40717,14.84,11.85,335,,,
m,3,27.23,179.26,70174,31.21,24.67,513,,,
m,3,25.40,150.57,56563,29.06,24.28,577,,,
m,3,20.38,112.48,40872,23.14,18.81,434,,,
m,3,13.53,106.75,36183,13.35,13.58,388,,,
m,3,18.76,93.19,33895,20.95,18.24,377,,,
m,3,21.60,111.11,40161,24.15,21.09,371,,,
m,3,23.37,133.54,52268,26.51,24.33,432,,,
m,3,20.93,95.45,33857,23.02,20.70,494,,,
m,4,21.62,168.01,64628,23.63,19.17,509,,,
m,4,27.66,121.31,44269,31.42,25.88,477,,,
m,4,17.75,91.81,28267,19.62,15.48,320,,,
m,4,24.27,36.38,5074,28.11,20.74,205,,,
m,4,24.45,146.12,55647,27.29,21.25,494,,,
m,4,27.53,170.27,63834,30.84,24.56,634,,,
m,4,21.43,164.58,63747,24.33,19.42,486,,,
m,4,26.85,244.34,92191,28.92,23.75,646,,,
m,4,34.79,219.82,88262,38.93,31.09,705,,,
m,4,36.24,257.31,97230,39.16,32.15,769,,,
m,4,25.98,195.79,74674,28.35,23.88,603,,,
m,4,31.22,218.49,80784,33.49,27.29,693,,,
m,4,30.83,237.42,90590,33.08,27.71,712,,,
m,4,18.93,69.46,23153,21.66,18.03,291,,,
m,4,13.32,59.82,22295,16.71,14.76,272,,,
m,4,13.14,56.13,21303,16.69,14.95,189,,,
m,4,12.71,59.89,21470,15.69,13.14,211,,,
m,4,19.93,155.01,66500,23.70,20.91,575,,,
m,4,30.69,115.18,38087,33.37,26.60,418,,,
m,4,37.70,199.69,71752,40.64,29.08,632,,,
m,4,20.03,138.55,46283,20.27,16.33,535,,,
m,4,15.36,193.93,56867,13.64,13.69,431,,,
m,4,27.00,114.59,37262,28.57,23.10,458,,,
m,4,15.66,87.68,36390,19.85,17.79,342,,,
m,4,25.62,108.09,37933,28.97,23.74,494,,,
m,4,21.31,118.28,41384,23.38,18.26,393,,,
m,4,18.32,103.87,39577,21.22,17.58,430,,,
m,4,22.89,136.60,54814,27.10,22.68,472,,,
m,4,22.44,137.24,52017,26.00,21.71,576,,,
m,4,21.32,130.91,49541,24.26,19.27,339,,,
m,4,16.93,113.92,46332,19.85,17.09,384,,,
m,4,20.10,112.93,44055,23.63,19.66,420,,,
m,4,19.99,94.04,32542,22.59,18.44,356,,,
m,4,18.25,102.91,41484,20.81,18.27,387,,,
m,4,17.67,105.93,40458,20.37,16.55,311,,,
m,4,14.76,98.52,39533,16.55,13.88,412,,,
m,4,101.83,756.57,436626,147.32,196.11,2625,,,
m,4,24.96,122.07,41473,27.00,20.85,395,,,
m,4,24.28,132.52,46000,26.23,20.38,451,,,
m,4,15.98,87.29,40835,19.02,17.39,386,,,
m,4,19.77,88.79,29661,21.83,17.51,349,,,
m,4,26.42,126.69,44128,29.49,24.32,489,,,
m,4,25.53,125.13,42766,27.82,21.68,426,,,
m,4,91.28,618.11,378806,142.64,210.09,2521,,,
m,4,23.12,115.57,41339,26.20,21.75,479,,,
m,4,25.59,154.45,60889,30.31,25.87,512,,,
m,4,19.11,85.48,28906,21.71,17.64,313,,,
m,4,18.39,87.37,31144,21.12,16.38,302,,,
m,4,12.58,74.54,27528,15.15,11.83,219,,,
m,4,14.05,64.73,22287,16.31,12.50,210,,,
m,4,14.75,85.42,34643,18.29,15.45,271,,,
m,4,14.58,80.13,32485,18.20,15.68,299,,,
m,4,12.35,69.37,28849,15.79,14.24,190,,,
m,4,17.43,93.96,36575,20.98,17.62,308,,,
m,4,12.38,72.92,34296,16.43,16.11,245,,,
m,4,11.89,57.05,24911,15.55,15.96,198,,,
m,4,11.80,87.46,41809,15.53,14.95,251,,,
m,4,14.69,82.26,36414,19.23,18.53,271,,,
m,4,12.73,64.90,28012,16.67,15.81,218,,,
m,4,12.17,62.32,26977,15.94,15.09,181,,,
m,4,18.11,144.00,79228,24.35,24.69,565,,,
m,4,15.60,64.25,24068,19.35,17.05,217,,,
m,4,15.73,80.00,30640,19.16,16.05,276,,,
m,4,33.03,184.95,73853,37.55,28.98,659,,,
m,4,17.18,108.65,56037,22.76,23.03,374,,,
m,4,28.34,175.19,67168,32.39,26.54,703,,,
m,4,29.87,184.14,71492,34.12,28.19,623,,,
m,4,30.32,177.88,68143,34.37,27.39,581,,,
m,4,27.56,162.79,62762,31.46,25.19,553,,,
m,4,16.80,76.40,26471,19.09,15.19,248,,,
m,4,28.75,141.40,51517,32.94,26.09,584,,,
m,4,25.58,247.56,96918,27.92,23.29,593,,,
m,4,30.39,199.35,78867,34.56,27.36,651,,,
m,4,29.70,159.22,59753,34.07,26.89,559,,,
m,4,31.79,241.97,95726,35.50,29.30,778,,,
m,4,14.74,68.95,26828,18.08,15.83,235,,,
m,4,15.60,73.23,28852,19.69,17.73,242,,,
m,4,14.61,76.27,33740,19.18,18.52,273,,,
m,4,12.57,59.36,22906,16.07,14.00,207,,,
m,4,21.01,85.88,29989,24.19,19.34,292,,,
m,4,15.71,76.10,30478,19.55,17.43,304,,,
m,4,16.07,78.39,31807,20.32,18.27,300,,,
m,4,16.54,129.07,63612,21.78,19.66,446,,,
m,4,12.84,80.62,35325,16.62,15.29,323,,,
m,4,15.52,69.92,25384,18.69,15.73,229,,,
m,4,20.36,95.20,36173,24.40,20.63,344,,,
m,4,15.25,61.69,21033,17.94,14.75,205,,,
m,4,14.85,75.98,30902,18.84,17.06,332,,,
m,4,13.16,70.21,29328,16.98,15.89,281,,,
m,4,13.53,70.87,29713,17.52,16.65,237,,,
m,4,12.17,58.05,21907,15.40,13.42,164,,,
m,4,15.09,66.47,25709,18.59,16.68,270,,,
m,4,33.78,230.75,95045,38.16,31.79,926,,,
m,4,14.23,88.79,29514,15.25,11.85,309,,,
m,4,28.18,166.85,66183,32.20,24.82,481,,,
m,4,24.65,128.34,47147,28.05,22.65,445,,,
m,4,26.47,121.36,40871,28.56,22.89,498,,,
m,4,20.01,145.13,51472,21.36,17.45,447,,,
m,4,29.97,152.39,52558,32.38,26.26,570,,,
m,4,23.40,145.94,56639,26.63,20.97,461,,,
m,4,26.00,133.57,49395,29.69,23.82,525,,,
m,4,33.19,185.07,63231,35.12,25.80,700,,,
m,4,31.49,165.90,55449,33.24,25.10,706,,,
m,4,32.95,37.36,4807,35.31,25.19,207,,,
m,4,17.37,198.23,81366,19.50,16.60,413,,,
m,4,26.67,142.26,48508,28.87,22.83,602,,,
m,4,19.69,177.58,79947,22.71,20.26,461,,,
m,4,29.49,103.96,30627,29.96,23.57,404,,,
m,4,21.96,91.33,31724,25.31,22.15,275,,,
m,4,29.76,99.25,29965,31.14,24.84,401,,,
m,4,15.25,89.66,35744,19.06,16.66,315,,,
m,4,14.05,59.42,19821,16.27,13.23,200,,,
m,4,30.79,115.85,36538,32.74,26.61,474,,,
m,4,27.69,110.61,36597,30.20,25.23,455,,,
m,4,17.10,75.28,24791,19.27,15.26,263,,,
m,4,37.50,225.47,73709,40.66,33.91,874,,,
m,4,22.29,257.07,98211,24.51,22.61,666,,,
m,4,28.37,179.49,56982,30.59,25.35,630,,,
m,4,28.02,173.80,54714,29.69,24.26,588,,,
m,4,16.68,276.19,107019,17.32,17.10,618,,,
m,4,23.28,247.08,80465,23.62,20.62,661,,,
m,4,17.71,158.85,48877,17.96,14.05,404,,,
m,4,15.59,138.61,59483,18.47,14.54,382,,,
m,4,30.16,207.63,68606,32.87,27.73,542,,,
m,4,29.17,227.03,77530,30.95,26.29,721,,,
m,4,17.95,75.31,25939,20.85,17.40,320,,,
m,4,19.84,77.42,25822,22.60,18.73,310,,,
m,4,24.46,91.39,29900,27.76,23.31,482,,,
m,4,14.58,63.82,21431,17.21,14.07,271,,,
m,4,17.15,66.97,22629,20.08,16.79,295,,,
m,4,17.02,69.74,24677,20.24,17.25,244,,,
m,4,12.80,58.83,22126,16.04,13.35,196,,,
m,4,11.94,60.87,23661,15.19,13.40,188,,,
m,4,8.00,22.47,3527,7.96,5.20,114,,,
m,4,9.68,40.01,3855,9.88,6.43,131,,,
m,4,9.45,26.69,308,6.10,5.82,62,,,
m,4,6.79,29.14,2076,5.49,3.70,76,,,
m,4,17.02,31.77,4177,19.93,13.84,138,,,
m,4,19.88,79.55,20664,20.87,16.56,268,,,
m,4,16.63,62.68,15850,17.35,13.05,230,,,
m,4,20.82,86.24,22337,21.83,17.64,269,,,
m,4,14.27,57.78,13623,14.85,10.62,214,,,
m,4,9.90,36.29,7538,10.13,6.36,105,,,
m,4,10.26,38.11,7460,10.39,6.59,135,,,
m,4,13.05,53.21,11587,13.44,9.37,188,,,
m,4,11.53,46.62,9161,11.70,7.85,141,,,
m,4,11.58,47.45,9697,11.78,8.01,193,,,
m,4,14.79,58.78,13339,15.28,11.24,221,,,
m,4,16.32,121.21,55865,20.98,18.75,380,,,
m,4,18.49,92.12,36210,22.86,19.69,433,,,
m,4,16.54,82.38,32213,20.44,17.44,276,,,
m,4,13.37,74.53,31357,17.18,15.40,264,,,
m,4,12.93,85.22,40126,17.03,16.60,261,,,
m,4,14.10,83.31,38768,18.46,17.78,281,,,
m,4,14.75,90.89,42941,19.42,19.07,287,,,
m,4,20.38,108.91,37737,22.45,20.27,469,,,
m,4,31.83,182.19,57507,33.27,25.79,589,,,
m,4,29.87,189.57,61172,31.74,25.45,693,,,
m,4,32.53,214.96,70299,33.46,27.87,742,,,
m,4,39.19,211.77,67776,41.62,33.08,780,,,
m,4,21.74,126.93,38418,22.15,17.36,455,,,
m,4,28.30,148.08,44731,30.09,24.08,520,,,
m,4,23.03,150.78,46878,23.43,19.41,514,,,
m,4,20.45,177.61,63965,22.58,19.25,501,,,
m,4,26.15,195.52,62651,26.21,22.70,709,,,
m,4,17.32,79.69,27441,20.55,17.08,371,,,
m,4,17.90,71.74,22899,20.61,17.38,289,,,
m,4,16.99,78.93,27053,20.27,17.11,265,,,
m,4,16.36,68.87,22438,18.58,15.39,307,,,
m,4,22.94,97.27,31773,25.31,20.55,390,,,
m,4,23.03,86.08,27049,25.17,20.35,341,,,
m,4,24.93,108.13,35791,27.44,22.44,392,,,
m,4,17.20,78.88,27304,20.35,17.22,271,,,
m,4,24.43,117.72,42170,28.32,24.45,436,,,
m,4,26.56,124.31,43402,29.37,23.52,457,,,
m,4,13.54,69.90,21789,14.20,10.22,280,,,
m,4,19.04,77.20,24540,20.53,15.08,293,,,
m,4,11.28,94.00,42145,14.43,12.35,257,,,
m,4,10.44,48.86,16563,12.81,10.54,173,,,
m,4,10.92,77.09,31594,13.75,11.69,222,,,
m,4,9.85,59.72,22462,12.23,9.81,196,,,
m,4,13.54,67.33,20605,14.27,10.34,221,,,
m,4,21.09,108.67,36460,22.74,17.50,357,,,
m,4,21.91,31.71,4416,24.80,17.38,216,,,
m,4,11.54,89.24,38875,13.34,10.30,258,,,
m,4,23.08,133.91,43813,24.91,19.50,384,,,
m,4,15.78,131.50,40717,16.19,12.46,344,,,
m,4,29.08,185.87,70174,32.75,24.72,513,,,
m,4,27.22,156.42,56563,30.58,24.30,457,,,
m,4,21.78,116.81,40872,24.43,18.87,434,,,
m,4,15.71,117.15,36183,15.33,14.32,388,,,
m,4,21.12,99.70,33895,22.97,18.34,443,,,
m,4,23.96,117.74,40161,26.06,21.24,371,,,
m,4,26.62,143.55,52268,29.32,24.52,432,,,
m,4,23.85,102.64,33857,25.47,20.82,494,,,
m,5,22.69,172.96,64628,24.73,19.45,509,,,
m,5,28.98,124.52,44269,32.69,25.88,477,,,
m,5,18.84,95.29,28267,20.73,15.52,320,,,
m,5,25.87,37.33,5074,29.54,20.62,205,,,
m,5,25.63,150.19,55647,28.54,21.38,535,,,
m,5,28.75,174.56,63834,32.01,24.54,634,,,
m,5,22.79,170.81,63747,25.52,19.49,486,,,
m,5,28.05,250.61,92191,30.04,24.10,646,,,
m,5,36.31,225.06,88262,40.24,31.09,705,,,
m,5,38.25,265.10,97230,40.93,32.30,769,,,
m,5,28.12,204.99,74674,30.17,24.15,655,,,
m,5,32.89,224.96,80784,34.98,27.53,778,,,
m,5,32.76,245.74,90590,34.76,28.20,712,,,
m,5,20.62,73.10,23153,23.18,18.11,314,,,
m,5,15.15,65.27,22295,18.53,15.17,272,,,
m,5,15.01,61.46,21303,18.65,15.45,236,,,
m,5,14.47,65.51,21470,17.33,13.42,248,,,
m,5,22.13,165.22,66500,25.67,21.18,575,,,
m,5,32.21,118.25,38087,34.75,26.61,418,,,
m,5,38.96,203.26,71752,41.58,29.19,632,,,
m,5,21.13,143.16,46283,21.27,16.58,535,,,
m,5,16.79,205.72,56867,14.70,14.22,464,,,
m,5,28.41,117.89,37262,29.88,23.12,458,,,
m,5,17.71,94.92,36390,21.90,18.29,342,,,
m,5,27.70,112.95,37933,30.67,23.77,494,,,
m,5,22.76,123.01,41384,24.62,18.27,393,,,
m,5,20.22,110.41,39577,22.93,17.68,430,,,
m,5,24.73,142.97,54814,28.71,22.85,472,,,
m,5,24.31,143.90,52017,27.56,21.79,576,,,
m,5,23.00,136.99,49541,25.66,19.36,473,,,
m,5,18.89,122.10,46332,21.69,17.45,411,,,
m,5,21.89,118.91,44055,25.18,19.79,420,,,
m,5,21.70,98.76,32542,24.10,18.55,356,,,
m,5,20.24,109.72,41484,22.64,18.61,387,,,
m,5,19.48,112.60,40458,21.96,16.60,311,,,
m,5,16.22,104.93,39533,17.92,14.12,321,,,
m,5,127.39,847.78,436626,178.90,206.47,3003,,,
m,5,26.09,125.24,41473,28.04,20.77,395,,,
m,5,25.42,136.10,46000,27.28,20.41,451,,,
m,5,17.54,92.71,40835,20.58,17.83,397,,,
m,5,21.27,92.79,29661,23.20,17.56,349,,,
m,5,28.22,131.52,44128,31.04,24.34,489,,,
m,5,26.98,129.13,42766,29.11,21.69,434,,,
m,5,113.35,690.09,378806,171.83,229.42,2440,,,
m,5,24.94,120.79,41339,27.78,21.85,479,,,
m,5,27.74,161.82,60889,32.12,26.01,493,,,
m,5,20.76,89.87,28906,23.16,17.69,313,,,
m,5,19.41,90.34,31144,22.18,16.38,302,,,
m,5,14.01,80.41,27528,16.42,12.06,309,,,
m,5,15.28,68.47,22287,17.45,12.53,227,,,
m,5,16.48,91.92,34643,19.94,15.76,312,,,
m,5,16.35,86.45,32485,19.92,16.06,273,,,
m,5,13.85,75.22,28849,17.40,14.70,241,,,
m,5,19.14,99.62,36575,22.52,17.80,308,,,
m,5,14.09,79.91,34296,18.45,16.80,245,,,
m,5,13.80,63.42,24911,17.86,17.00,260,,,
m,5,13.66,97.26,41809,17.64,15.81,314,,,
m,5,16.64,89.33,36414,21.44,19.21,298,,,
m,5,14.46,70.90,28012,18.61,16.38,247,,,
m,5,13.82,68.21,26977,17.85,15.76,219,,,
m,5,20.11,153.74,79228,26.77,25.41,565,,,
m,5,17.33,68.73,24068,21.04,17.29,218,,,
m,5,17.35,85.21,30640,20.68,16.22,276,,,
m,5,34.40,189.17,73853,38.86,29.00,659,,,
m,5,19.22,116.66,56037,25.33,23.87,374,,,
m,5,29.62,179.64,67168,33.69,26.56,703,,,
m,5,31.31,189.10,71492,35.58,28.29,623,,,
m,5,31.61,182.09,68143,35.65,27.36,581,,,
m,5,29.05,167.75,62762,32.93,25.30,553,,,
m,5,17.86,79.42,26471,20.21,15.22,248,,,
m,5,30.04,144.92,51517,34.20,26.12,635,,,
m,5,26.93,255.14,96918,29.24,23.47,593,,,
m,5,31.69,204.11,78867,35.91,27.59,651,,,
m,5,30.95,162.93,59753,35.28,26.89,734,,,
m,5,33.40,248.78,95726,37.09,29.43,778,,,
m,5,16.61,74.56,26828,20.00,16.18,345,,,
m,5,17.53,78.92,28852,21.69,18.14,242,,,
m,5,16.30,82.01,33740,21.16,19.09,273,,,
m,5,14.18,64.59,22906,17.77,14.42,271,,,
m,5,22.38,89.13,29989,25.51,19.33,307,,,
m,5,17.65,81.98,30478,21.53,17.72,304,,,
m,5,18.01,84.29,31807,22.29,18.66,301,,,
m,5,18.48,138.57,63612,23.86,20.08,409,,,
m,5,14.72,88.68,35325,18.63,15.88,334,,,
m,5,17.06,74.31,25384,20.21,15.90,229,,,
m,5,22.02,99.76,36173,25.99,20.82,383,,,
m,5,16.84,65.76,21033,19.43,14.86,208,,,
m,5,16.61,81.78,30902,20.64,17.44,321,,,
m,5,15.03,76.89,29328,19.00,16.47,281,,,
m,5,15.47,77.62,29713,19.68,17.33,237,,,
m,5,13.97,63.99,21907,17.22,13.85,171,,,
m,5,17.04,71.92,25709,20.61,17.03,270,,,
m,5,35.55,237.41,95045,39.74,31.81,926,,,
m,5,15.22,92.93,29514,16.18,11.99,309,,,
m,5,29.15,170.11,66183,33.15,24.82,531,,,
m,5,25.85,131.91,47147,29.26,22.64,445,,,
m,5,27.83,124.85,40871,29.84,22.87,498,,,
m,5,21.48,151.52,51472,22.58,17.58,474,,,
m,5,31.51,156.71,52558,33.77,26.28,575,,,
m,5,24.55,150.10,56639,27.79,20.91,461,,,
m,5,27.24,137.17,49395,30.92,23.77,525,,,
m,5,34.72,189.76,63231,36.38,25.70,700,,,
m,5,32.83,169.78,55449,34.37,24.93,706,,,
m,5,34.65,37.76,4807,36.92,25.01,207,,,
m,5,19.38,212.49,81366,21.13,17.02,619,,,
m,5,28.50,147.75,48508,30.40,22.95,602,,,
m,5,21.16,185.64,79947,24.09,20.54,519,,,
m,5,31.07,106.93,30627,31.30,23.52,404,,,
m,5,24.64,97.61,31724,27.45,22.26,297,,,
m,5,31.83,102.89,29965,32.70,24.83,471,,,
m,5,17.32,97.43,35744,21.01,16.95,315,,,
m,5,15.77,64.15,19821,17.76,13.46,222,,,
m,5,32.77,119.83,36538,34.34,26.54,474,,,
m,5,29.93,115.46,36597,31.99,25.24,455,,,
m,5,18.96,80.28,24791,20.78,15.32,263,,,
m,5,39.61,232.30,73709,42.45,33.88,874,,,
m,5,24.89,274.60,98211,26.67,23.14,666,,,
m,5,30.19,185.93,56982,32.21,25.53,630,,,
m,5,29.39,178.57,54714,30.96,24.34,588,,,
m,5,18.12,291.37,107019,18.46,17.93,618,,,
m,5,25.20,259.03,80465,25.20,21.02,762,,,
m,5,18.78,164.86,48877,18.88,14.22,404,,,
m,5,16.65,144.79,59483,19.45,14.67,382,,,
m,5,32.59,216.92,68606,34.93,27.90,691,,,
m,5,31.41,236.78,77530,32.93,26.69,753,,,
m,5,19.57,79.39,25939,22.34,17.50,320,,,
m,5,21.59,81.40,25822,24.18,18.87,371,,,
m,5,26.54,95.67,29900,29.56,23.42,482,,,
m,5,16.21,68.41,21431,18.67,14.24,271,,,
m,5,18.74,70.74,22629,21.55,16.88,295,,,
m,5,18.81,74.19,24677,21.89,17.43,244,,,
m,5,14.02,62.67,22126,17.34,13.56,234,,,
m,5,13.58,66.74,23661,16.94,13.91,345,,,
m,5,9.49,26.19,3527,9.14,5.56,94,,,
m,5,11.02,44.40,3855,10.92,6.55,135,,,
m,5,15.88,38.42,308,9.79,11.39,99,,,
m,5,9.54,40.87,2076,6.95,5.36,92,,,
m,5,18.67,33.37,4177,21.27,13.61,148,,,
m,5,21.41,83.14,20664,22.48,16.51,284,,,
m,5,18.01,65.87,15850,18.78,13.02,259,,,
m,5,22.45,90.15,22337,23.56,17.65,280,,,
m,5,15.46,60.94,13623,16.07,10.73,214,,,
m,5,10.95,39.29,7538,11.06,6.60,131,,,
m,5,11.30,41.08,7460,11.31,6.77,162,,,
m,5,14.17,56.30,11587,14.53,9.46,197,,,
m,5,12.61,49.76,9161,12.68,7.92,151,,,
m,5,12.65,50.60,9697,12.77,8.20,193,,,
m,5,16.02,61.93,13339,16.53,11.28,221,,,
m,5,18.26,130.30,55865,22.96,19.17,380,,,
m,5,20.47,98.03,36210,24.73,19.94,433,,,
m,5,18.28,87.78,32213,22.10,17.59,276,,,
m,5,15.06,80.86,31357,18.98,15.82,264,,,
m,5,14.64,92.91,40126,19.01,17.29,281,,,
m,5,15.79,89.89,38768,20.39,18.40,274,,,
m,5,16.46,97.73,42941,21.44,19.70,301,,,
m,5,22.33,115.05,37737,24.25,20.67,465,,,
m,5,33.10,186.20,57507,34.34,26.15,589,,,
m,5,31.60,195.67,61172,33.25,25.56,693,,,
m,5,34.23,221.15,70299,34.91,28.29,771,,,
m,5,40.71,216.17,67776,42.73,33.29,904,,,
m,5,22.84,130.73,38418,23.16,17.68,489,,,
m,5,29.61,151.91,44731,31.26,24.11,559,,,
m,5,24.21,155.29,46878,24.51,19.79,577,,,
m,5,22.37,187.61,63965,24.22,19.90,501,,,
m,5,27.62,201.83,62651,27.46,23.17,709,,,
m,5,18.93,84.22,27441,22.02,17.11,371,,,
m,5,19.79,76.25,22899,22.23,17.45,291,,,
m,5,18.57,83.46,27053,21.77,17.29,265,,,
m,5,17.90,72.89,22438,19.96,15.52,307,,,
m,5,24.58,101.23,31773,26.73,20.48,390,,,
m,5,24.57,89.33,27049,26.56,20.35,341,,,
m,5,26.98,113.08,35791,29.09,22.54,512,,,
m,5,18.83,83.46,27304,21.87,17.41,395,,,
m,5,26.56,123.51,42170,30.17,24.53,434,,,
m,5,28.27,128.77,43402,31.00,23.50,457,,,
m,5,14.60,73.60,21789,15.18,10.35,280,,,
m,5,20.10,79.76,24540,21.59,15.11,293,,,
m,5,12.96,104.21,42145,16.08,12.80,299,,,
m,5,12.03,54.47,16563,14.33,10.88,173,,,
m,5,12.45,85.11,31594,15.27,12.17,389,,,
m,5,11.26,66.48,22462,13.56,10.15,193,,,
m,5,14.60,70.90,20605,15.26,10.47,236,,,
m,5,22.24,112.19,36460,23.88,17.55,357,,,
m,5,23.27,32.50,4416,26.16,17.19,216,,,
m,5,12.70,95.81,38875,14.38,10.56,268,,,
m,5,24.79,139.64,43813,26.32,19.65,485,,,
m,5,17.03,138.22,40717,17.13,12.70,344,,,
m,5,30.21,189.93,70174,33.87,24.73,513,,,
m,5,28.45,160.41,56563,31.79,24.33,457,,,
m,5,22.84,120.16,40872,25.49,18.83,434,,,
m,5,17.20,124.29,36183,16.62,14.70,388,,,
m,5,22.80,104.35,33895,24.43,18.36,443,,,
m,5,25.57,122.25,40161,27.45,21.30,444,,,
m,5,29.08,150.95,52268,31.55,24.55,432,,,
m,5,25.96,107.73,33857,27.25,20.80,494,,,
m,6,23.60,177.31,64628,25.62,19.63,628,,,
m,6,30.11,127.30,44269,33.83,25.90,552,,,
m,6,19.86,98.65,28267,21.75,15.59,320,,,
m,6,27.21,38.12,5074,30.71,20.50,205,,,
m,6,26.56,153.46,55647,29.51,21.47,535,,,
m,6,29.75,178.12,63834,33.01,24.54,634,,,
m,6,23.90,176.01,63747,26.51,19.57,486,,,
m,6,29.03,255.87,92191,30.98,24.11,646,,,
m,6,37.40,228.90,88262,41.27,31.09,705,,,
m,6,39.54,270.10,97230,42.11,32.55,914,,,
m,6,29.71,211.83,74674,31.49,24.29,655,,,
m,6,34.08,229.62,80784,36.04,27.50,689,,,
m,6,34.06,251.33,90590,35.93,28.43,712,,,
m,6,22.11,76.34,23153,24.52,18.18,314,,,
m,6,16.85,70.38,22295,20.12,15.53,279,,,
m,6,16.76,66.44,21303,20.32,15.80,243,,,
m,6,16.07,70.69,21470,18.72,13.71,394,,,
m,6,24.07,174.24,66500,27.31,21.65,575,,,
m,6,33.45,120.76,38087,35.95,26.50,418,,,
m,6,39.88,205.93,71752,42.38,29.20,632,,,
m,6,22.06,147.17,46283,22.07,16.61,535,,,
m,6,18.16,217.30,56867,15.72,15.03,511,,,
m,6,29.57,120.66,37262,31.01,23.16,458,,,
m,6,19.52,101.34,36390,23.58,18.52,332,,,
m,6,29.36,116.84,37933,32.11,23.82,494,,,
m,6,23.97,127.05,41384,25.67,18.31,393,,,
m,6,21.79,115.85,39577,24.31,17.78,430,,,
m,6,26.32,148.51,54814,30.08,22.96,521,,,
m,6,25.87,149.48,52017,28.90,21.96,576,,,
m,6,24.39,142.09,49541,26.82,19.40,473,,,
m,6,20.60,129.32,46332,23.21,17.60,411,,,
m,6,23.39,123.97,44055,26.47,19.87,420,,,
m,6,23.11,102.74,32542,25.38,18.56,473,,,
m,6,21.96,115.62,41484,24.19,18.76,425,,,
m,6,20.94,118.06,40458,23.22,16.65,312,,,
m,6,17.60,111.11,39533,19.18,14.42,412,,,
m,6,146.03,908.61,436626,196.91,209.99,2998,,,
m,6,27.10,128.11,41473,29.03,20.79,492,,,
m,6,26.43,139.36,46000,28.26,20.40,451,,,
m,6,19.01,97.87,40835,21.99,18.16,397,,,
m,6,22.55,96.25,29661,24.40,17.55,349,,,
m,6,29.68,135.46,44128,32.35,24.30,489,,,
m,6,28.12,132.36,42766,30.18,21.62,434,,,
m,6,130.80,742.12,378806,189.80,237.47,2752,,,
m,6,26.45,125.16,41339,29.10,21.81,418,,,
m,6,29.55,168.00,60889,33.68,26.25,625,,,
m,6,22.20,93.75,28906,24.44,17.75,313,,,
m,6,20.32,93.06,31144,23.13,16.35,302,,,
m,6,15.26,85.74,27528,17.50,12.19,309,,,
m,6,16.36,71.90,22287,18.49,12.64,227,,,
m,6,17.91,97.41,34643,21.24,15.95,313,,,
m,6,17.86,91.90,32485,21.30,16.25,272,,,
m,6,15.27,80.96,28849,18.86,15.08,341,,,
m,6,20.54,104.34,36575,23.78,17.96,378,,,
m,6,15.79,86.97,34296,20.34,17.44,321,,,
m,6,15.66,69.68,24911,19.92,17.75,260,,,
m,6,15.50,107.00,41809,19.50,16.37,296,,,
m,6,18.44,95.84,36414,23.37,19.78,388,,,
m,6,16.11,76.72,28012,20.34,16.83,238,,,
m,6,15.41,73.97,26977,19.55,16.29,227,,,
m,6,22.01,163.04,79228,28.99,26.02,565,,,
m,6,18.89,72.78,24068,22.52,17.43,218,,,
m,6,18.73,89.75,30640,21.95,16.40,276,,,
m,6,35.47,192.50,73853,39.95,28.95,659,,,
m,6,21.01,123.64,56037,27.42,24.42,390,,,
m,6,30.66,183.33,67168,34.78,26.60,699,,,
m,6,32.40,192.88,71492,36.73,28.36,623,,,
m,6,32.61,185.40,68143,36.68,27.31,581,,,
m,6,30.10,171.28,62762,33.99,25.30,553,,,
m,6,18.83,82.27,26471,21.23,15.36,248,,,
m,6,31.09,147.82,51517,35.29,26.10,635,,,
m,6,27.99,261.19,96918,30.27,23.48,593,,,
m,6,32.66,207.71,78867,36.89,27.48,651,,,
m,6,31.94,165.95,59753,36.32,26.87,734,,,
m,6,34.57,253.77,95726,38.26,29.51,778,,,
m,6,18.27,79.57,26828,21.61,16.39,345,,,
m,6,19.24,83.99,28852,23.36,18.40,349,,,
m,6,17.92,87.57,33740,22.94,19.51,326,,,
m,6,15.69,69.58,22906,19.26,14.70,271,,,
m,6,23.50,91.85,29989,26.66,19.31,307,,,
m,6,19.34,87.16,30478,23.18,17.92,304,,,
m,6,19.69,89.43,31807,23.93,18.95,372,,,
m,6,20.21,147.10,63612,25.57,20.44,442,,,
m,6,16.51,96.41,35325,20.45,16.42,346,,,
m,6,18.43,78.31,25384,21.52,16.15,433,,,
m,6,23.48,103.82,36173,27.37,20.87,383,,,
m,6,18.19,69.29,21033,20.68,14.89,274,,,
m,6,18.20,87.06,30902,22.21,17.78,341,,,
m,6,16.82,83.36,29328,20.80,16.95,313,,,
m,6,17.29,83.94,29713,21.55,17.89,338,,,
m,6,15.67,69.67,21907,18.84,14.23,278,,,
m,6,18.75,76.71,25709,22.28,17.21,270,,,
m,6,36.82,242.21,95045,40.97,31.86,926,,,
m,6,16.15,97.02,29514,17.03,12.21,309,,,
m,6,29.97,172.91,66183,33.99,24.84,531,,,
m,6,26.87,135.01,47147,30.32,22.66,445,,,
m,6,28.94,127.74,40871,30.94,22.91,498,,,
m,6,22.70,157.00,51472,23.64,17.71,447,,,
m,6,32.74,160.19,52558,34.98,26.32,575,,,
m,6,25.47,153.55,56639,28.76,20.99,461,,,
m,6,28.26,140.19,49395,32.00,23.78,525,,,
m,6,35.82,193.12,63231,37.35,25.60,700,,,
m,6,33.88,172.88,55449,35.36,24.93,706,,,
m,6,35.86,38.03,4807,38.10,24.79,207,,,
m,6,21.16,225.23,81366,22.47,17.32,619,,,
m,6,29.99,152.25,48508,31.64,22.91,602,,,
m,6,22.59,193.62,79947,25.37,20.67,519,,,
m,6,32.38,109.43,30627,32.50,23.41,404,,,
m,6,27.01,103.08,31724,29.27,22.23,297,,,
m,6,33.45,105.73,29965,34.03,24.74,471,,,
m,6,19.27,104.71,35744,22.68,17.11,315,,,
m,6,17.39,68.64,19821,19.04,13.42,222,,,
m,6,34.30,122.89,36538,35.70,26.46,474,,,
m,6,31.69,119.28,36597,33.45,25.27,455,,,
m,6,20.55,84.58,24791,22.07,15.29,263,,,
m,6,41.10,237.12,73709,43.83,34.10,874,,,
m,6,27.03,288.93,98211,28.37,23.58,787,,,
m,6,31.52,190.69,56982,33.48,25.67,630,,,
m,6,30.48,182.45,54714,31.98,24.42,589,,,
m,6,19.52,306.49,107019,19.44,18.39,631,,,
m,6,26.60,267.81,80465,26.38,21.60,762,,,
m,6,19.75,170.51,48877,19.70,14.43,404,,,
m,6,17.66,150.88,59483,20.31,14.81,382,,,
m,6,34.31,223.45,68606,36.39,27.98,691,,,
m,6,32.97,243.57,77530,34.28,26.86,753,,,
m,6,21.02,83.09,25939,23.64,17.62,363,,,
m,6,23.07,84.80,25822,25.51,18.86,347,,,
m,6,28.13,98.97,29900,30.97,23.42,482,,,
m,6,17.67,72.60,21431,19.94,14.30,271,,,
m,6,20.16,74.16,22629,22.87,16.99,295,,,
m,6,20.47,78.34,24677,23.35,17.52,284,,,
m,6,15.19,66.55,22126,18.54,13.77,234,,,
m,6,15.16,72.52,23661,18.49,14.31,345,,,
m,6,11.02,30.17,3527,10.33,6.09,117,,,
m,6,12.30,48.77,3855,11.86,6.74,148,,,
m,6,23.50,48.68,308,15.54,19.63,127,,,
m,6,13.41,55.30,2076,8.79,7.91,104,,,
m,6,19.99,34.66,4177,22.27,13.40,154,,,
m,6,22.73,86.29,20664,23.85,16.46,284,,,
m,6,19.17,68.62,15850,19.95,12.99,259,,,
m,6,23.83,93.52,22337,24.99,17.58,280,,,
m,6,16.48,63.74,13623,17.04,10.84,214,,,
m,6,12.03,42.62,7538,11.94,6.81,140,,,
m,6,12.37,44.35,7460,12.20,7.07,162,,,
m,6,15.20,59.27,11587,15.48,9.46,197,,,
m,6,13.67,53.02,9161,13.60,8.10,148,,,
m,6,13.65,53.73,9697,13.62,8.32,193,,,
m,6,17.11,64.82,13339,17.58,11.33,221,,,
m,6,19.98,138.43,55865,24.62,19.46,514,,,
m,6,22.03,102.75,36210,26.14,20.01,433,,,
m,6,19.77,92.43,32213,23.46,17.78,312,,,
m,6,16.62,86.82,31357,20.50,16.19,345,,,
m,6,16.29,100.45,40126,20.80,17.87,281,,,
m,6,17.38,96.18,38768,22.13,18.90,262,,,
m,6,18.07,104.26,42941,23.22,20.19,362,,,
m,6,24.13,120.76,37737,25.90,20.90,465,,,
m,6,34.06,189.29,57507,35.14,26.13,589,,,
m,6,32.84,200.08,61172,34.36,25.79,984,,,
m,6,35.38,225.37,70299,35.95,28.69,771,,,
m,6,41.82,219.42,67776,43.64,33.42,904,,,
m,6,23.79,134.12,38418,24.01,17.78,489,,,
m,6,30.74,155.24,44731,32.33,24.18,559,,,
m,6,25.21,159.21,46878,25.39,19.88,577,,,
m,6,23.98,196.02,63965,25.46,20.02,501,,,
m,6,28.76,206.76,62651,28.44,23.38,709,,,
m,6,20.43,88.51,27441,23.40,17.28,371,,,
m,6,21.43,80.19,22899,23.66,17.58,295,,,
m,6,20.04,87.74,27053,23.13,17.36,265,,,
m,6,19.33,76.69,22438,21.25,15.74,330,,,
m,6,25.91,104.48,31773,27.98,20.49,390,,,
m,6,25.83,92.01,27049,27.77,20.31,341,,,
m,6,28.61,117.04,35791,30.44,22.41,512,,,
m,6,20.34,87.76,27304,23.23,17.55,395,,,
m,6,28.33,128.31,42170,31.72,24.64,587,,,
m,6,29.55,132.15,43402,32.23,23.40,457,,,
m,6,15.59,77.22,21789,16.09,10.59,296,,,
m,6,21.07,82.18,24540,22.56,15.07,295,,,
m,6,14.61,114.41,42145,17.54,13.33,333,,,
m,6,13.52,59.84,16563,15.66,11.21,189,,,
m,6,13.97,93.32,31594,16.66,12.65,389,,,
m,6,12.70,73.64,22462,14.82,10.48,254,,,
m,6,15.62,74.49,20605,16.21,10.73,262,,,
m,6,23.22,115.27,36460,24.82,17.51,357,,,
m,6,24.27,33.09,4416,27.17,17.05,216,,,
m,6,13.84,102.58,38875,15.35,10.88,268,,,
m,6,26.05,143.93,43813,27.38,19.70,485,,,
m,6,18.13,144.34,40717,17.96,12.90,335,,,
m,6,31.12,193.27,70174,34.80,24.67,540,,,
m,6,29.49,163.87,56563,32.84,24.24,457,,,
m,6,23.78,123.21,40872,26.46,18.86,434,,,
m,6,18.52,130.81,36183,17.75,15.10,388,,,
m,6,24.10,107.98,33895,25.60,18.49,443,,,
m,6,26.86,125.90,40161,28.58,21.31,444,,,
m,6,31.01,156.71,52268,33.29,24.43,442,,,
m,6,27.53,111.54,33857,28.64,20.78,494,,,
m,7,24.43,181.40,64628,26.43,19.73,628,,,
m,7,31.17,129.98,44269,34.93,25.89,552,,,
m,7,20.83,101.99,28267,22.73,15.60,320,,,
m,7,28.40,38.83,5074,31.73,20.37,208,,,
m,7,27.37,156.43,55647,30.37,21.47,535,,,
m,7,30.67,181.46,63834,33.95,24.56,634,,,
m,7,24.89,180.77,63747,27.40,19.54,486,,,
m,7,29.96,260.94,92191,31.87,24.19,646,,,
m,7,38.35,232.26,88262,42.19,30.98,705,,,
m,7,40.57,274.17,97230,43.10,32.71,914,,,
m,7,31.00,217.42,74674,32.62,24.53,655,,,
m,7,35.05,233.52,80784,36.96,27.63,778,,,
m,7,35.12,255.99,90590,36.90,28.52,712,,,
m,7,23.45,79.30,23153,25.72,18.21,291,,,
m,7,18.46,75.30,22295,21.55,15.79,346,,,
m,7,18.40,71.18,21303,21.80,16.06,299,,,
m,7,17.55,75.62,21470,19.94,13.86,394,,,
m,7,25.82,182.36,66500,28.71,22.02,727,,,
m,7,34.60,123.13,38087,37.10,26.44,418,,,
m,7,40.67,208.25,71752,43.10,29.10,632,,,
m,7,22.96,151.19,46283,22.84,16.73,535,,,
m,7,19.58,229.58,56867,16.74,15.49,502,,,
m,7,30.62,123.22,37262,32.04,23.16,458,,,
m,7,21.19,107.30,36390,25.04,18.79,438,,,
m,7,30.75,120.13,37933,33.31,23.72,494,,,
m,7,25.02,130.65,41384,26.58,18.22,393,,,
m,7,23.11,120.51,39577,25.43,17.84,430,,,
m,7,27.77,153.62,54814,31.34,23.08,521,,,
m,7,27.28,154.58,52017,30.05,22.04,576,,,
m,7,25.62,146.69,49541,27.84,19.47,486,,,
m,7,22.13,135.84,46332,24.51,17.84,411,,,
m,7,24.76,128.64,44055,27.62,20.06,695,,,
m,7,24.34,106.24,32542,26.49,18.53,473,,,
m,7,23.52,121.03,41484,25.61,18.84,425,,,
m,7,22.24,123.00,40458,24.32,16.84,429,,,
m,7,18.91,117.17,39533,20.35,14.52,321,,,
m,7,160.03,951.84,436626,208.48,211.81,2998,,,
m,7,28.03,130.82,41473,29.97,20.79,492,,,
m,7,27.34,142.38,46000,29.15,20.43,503,,,
m,7,20.38,102.79,40835,23.30,18.54,400,,,
m,7,23.64,99.28,29661,25.44,17.58,349,,,
m,7,30.93,138.87,44128,33.54,24.34,489,,,
m,7,29.13,135.25,42766,31.17,21.63,434,,,
m,7,144.59,780.83,378806,202.48,241.68,3103,,,
m,7,27.78,129.03,41339,30.29,21.83,423,,,
m,7,31.16,173.51,60889,35.01,26.15,625,,,
m,7,23.46,97.22,28906,25.58,17.81,348,,,
m,7,21.19,95.78,31144,24.05,16.40,302,,,
m,7,16.39,90.77,27528,18.45,12.27,309,,,
m,7,17.37,75.25,22287,19.45,12.73,227,,,
m,7,19.18,102.38,34643,22.35,16.09,313,,,
m,7,19.21,96.91,32485,22.51,16.42,312,,,
m,7,16.68,86.81,28849,20.20,15.40,341,,,
m,7,21.73,108.45,36575,24.87,18.03,378,,,
m,7,17.48,94.08,34296,22.09,17.97,318,,,
m,7,17.49,75.82,24911,21.82,18.45,260,,,
m,7,17.30,116.59,41809,21.14,16.87,296,,,
m,7,20.10,101.93,36414,25.02,20.14,388,,,
m,7,17.72,82.49,28012,21.94,17.21,238,,,
m,7,16.97,79.80,26977,21.12,16.71,274,,,
m,7,23.82,171.91,79228,30.94,26.45,565,,,
m,7,20.27,76.46,24068,23.85,17.58,335,,,
m,7,19.97,93.93,30640,23.10,16.53,356,,,
m,7,36.42,195.50,73853,40.94,28.89,670,,,
m,7,22.62,130.03,56037,29.25,24.88,374,,,
m,7,31.59,186.69,67168,35.75,26.55,703,,,
m,7,33.33,196.20,71492,37.75,28.46,623,,,
m,7,33.47,188.31,68143,37.58,27.34,581,,,
m,7,31.01,174.42,62762,34.92,25.32,602,,,
m,7,19.76,85.14,26471,22.20,15.41,248,,,
m,7,32.00,150.41,51517,36.26,26.07,635,,,
m,7,28.94,266.71,96918,31.16,23.60,716,,,
m,7,33.51,210.94,78867,37.78,27.55,651,,,
m,7,32.84,168.74,59753,37.26,26.77,734,,,
m,7,35.54,257.99,95726,39.25,29.48,778,,,
m,7,19.74,84.09,26828,22.96,16.48,345,,,
m,7,20.77,88.60,28852,24.80,18.56,349,,,
m,7,19.50,93.06,33740,24.59,19.89,268,,,
m,7,17.16,74.55,22906,20.58,14.91,271,,,
m,7,24.50,94.33,29989,27.71,19.32,366,,,
m,7,20.85,91.85,30478,24.60,18.04,304,,,
m,7,21.18,94.07,31807,25.31,19.14,372,,,
m,7,21.79,154.98,63612,27.04,20.65,523,,,
m,7,18.22,103.82,35325,21.99,16.73,425,,,
m,7,19.70,82.11,25384,22.71,16.37,433,,,
m,7,24.76,107.44,36173,28.59,20.90,383,,,
m,7,19.39,72.50,21033,21.80,15.00,330,,,
m,7,19.68,92.09,30902,23.61,18.03,341,,,
m,7,18.56,89.70,29328,22.44,17.32,313,,,
m,7,19.00,89.97,29713,23.19,18.22,338,,,
m,7,17.27,75.11,21907,20.22,14.47,278,,,
m,7,20.29,81.08,25709,23.74,17.39,291,,,
m,7,37.88,246.28,95045,42.03,31.81,926,,,
m,7,17.10,101.40,29514,17.85,12.39,309,,,
m,7,30.73,175.56,66183,34.76,24.76,531,,,
m,7,27.82,137.97,47147,31.32,22.64,445,,,
m,7,29.97,130.46,40871,31.95,22.84,498,,,
m,7,23.78,161.91,51472,24.59,17.88,447,,,
m,7,33.78,163.20,52558,36.00,26.34,597,,,
m,7,26.31,156.75,56639,29.62,20.97,461,,,
m,7,29.20,143.06,49395,32.98,23.76,525,,,
m,7,36.73,195.98,63231,38.21,25.51,700,,,
m,7,34.78,175.58,55449,36.20,24.81,706,,,
m,7,36.85,38.26,4807,39.11,24.65,260,,,
m,7,22.78,236.91,81366,23.65,17.61,619,,,
m,7,31.31,156.26,48508,32.75,22.91,602,,,
m,7,24.02,201.73,79947,26.62,20.90,519,,,
m,7,33.55,111.69,30627,33.64,23.37,404,,,
m,7,29.06,107.77,31724,30.84,22.19,297,,,
m,7,34.81,108.14,29965,35.22,24.64,471,,,
m,7,21.08,111.52,35744,24.13,17.13,315,,,
m,7,18.88,72.87,19821,20.23,13.58,318,,,
m,7,35.65,125.64,36538,36.95,26.37,474,,,
m,7,33.21,122.59,36597,34.75,25.20,546,,,
m,7,21.93,88.40,24791,23.19,15.25,259,,,
m,7,42.26,240.92,73709,44.91,34.04,874,,,
m,7,28.89,301.39,98211,29.83,24.14,787,,,
m,7,32.64,194.74,56982,34.54,25.70,630,,,
m,7,31.45,185.95,54714,32.88,24.44,589,,,
m,7,20.96,322.31,107019,20.45,19.11,618,,,
m,7,27.78,275.31,80465,27.34,21.83,762,,,
m,7,20.75,176.56,48877,20.48,14.50,404,,,
m,7,18.68,157.29,59483,21.13,15.07,406,,,
m,7,35.63,228.53,68606,37.60,28.14,691,,,
m,7,34.16,248.83,77530,35.33,26.93,753,,,
m,7,22.39,86.68,25939,24.89,17.70,363,,,
m,7,24.41,87.90,25822,26.74,18.99,353,,,
m,7,29.49,101.80,29900,32.22,23.36,482,,,
m,7,19.01,76.54,21431,21.09,14.42,313,,,
m,7,21.49,77.45,22629,24.05,17.06,313,,,
m,7,21.98,82.19,24677,24.64,17.61,319,,,
m,7,16.41,70.73,22126,19.69,13.97,221,,,
m,7,16.72,78.34,23661,19.89,14.62,345,,,
m,7,12.58,34.37,3527,11.52,6.66,128,,,
m,7,13.60,53.48,3855,12.78,6.91,141,,,
m,7,32.03,57.46,308,23.41,28.45,151,,,
m,7,18.73,72.02,2076,11.51,12.48,150,,,
m,7,21.14,35.80,4177,23.08,13.23,199,,,
m,7,23.89,89.10,20664,25.03,16.40,324,,,
m,7,20.21,71.18,15850,20.96,13.03,259,,,
m,7,25.00,96.44,22337,26.23,17.52,309,,,
m,7,17.45,66.54,13623,17.91,10.96,276,,,
m,7,13.15,46.31,7538,12.80,7.04,140,,,
m,7,13.43,47.82,7460,13.05,7.45,201,,,
m,7,16.22,62.41,11587,16.42,9.76,197,,,
m,7,14.72,56.44,9161,14.45,8.31,155,,,
m,7,14.68,57.16,9697,14.47,8.67,193,,,
m,7,18.09,67.54,13339,18.50,11.34,221,,,
m,7,21.54,145.87,55865,26.05,19.71,514,,,
m,7,23.39,106.89,36210,27.38,20.09,433,,,
m,7,21.06,96.56,32213,24.61,17.82,312,,,
m,7,18.09,92.55,31357,21.90,16.46,298,,,
m,7,17.90,107.91,40126,22.44,18.34,281,,,
m,7,18.90,102.34,38768,23.71,19.32,318,,,
m,7,19.64,110.75,42941,24.91,20.65,362,,,
m,7,25.79,126.03,37737,27.42,21.04,465,,,
m,7,34.91,192.06,57507,35.92,26.32,631,,,
m,7,33.86,203.78,61172,35.28,25.78,984,,,
m,7,36.32,228.90,70299,36.77,28.76,771,,,
m,7,42.79,222.29,67776,44.53,33.60,904,,,
m,7,24.73,137.54,38418,24.86,17.86,489,,,
m,7,31.74,158.28,44731,33.31,24.29,559,,,
m,7,26.18,163.15,46878,26.27,20.07,577,,,
m,7,25.43,203.72,63965,26.57,20.38,501,,,
m,7,29.79,211.37,62651,29.33,23.74,752,,,
m,7,21.85,92.64,27441,24.64,17.34,371,,,
m,7,22.94,83.88,22899,24.96,17.64,441,,,
m,7,21.42,91.85,27053,24.40,17.43,265,,,
m,7,20.73,80.49,22438,22.46,15.85,330,,,
m,7,27.09,107.41,31773,29.10,20.57,390,,,
m,7,26.95,94.44,27049,28.86,20.34,341,,,
m,7,29.99,120.41,35791,31.66,22.35,512,,,
m,7,21.78,91.92,27304,24.51,17.66,395,,,
m,7,29.86,132.52,42170,33.05,24.68,587,,,
m,7,30.59,134.93,43402,33.27,23.48,527,,,
m,7,16.60,81.11,21789,16.96,10.71,296,,,
m,7,21.97,84.54,24540,23.45,15.03,295,,,
m,7,16.22,124.61,42145,18.84,13.72,333,,,
m,7,14.95,65.18,16563,16.85,11.53,203,,,
m,7,15.49,101.80,31594,17.98,13.17,389,,,
m,7,14.19,81.33,22462,16.03,10.90,337,,,
m,7,16.63,78.24,20605,17.12,10.86,262,,,
m,7,24.16,118.28,36460,25.72,17.58,357,,,
m,7,25.12,33.61,4416,28.02,16.97,261,,,
m,7,14.99,109.82,38875,16.28,11.19,298,,,
m,7,27.13,147.69,43813,28.31,19.75,485,,,
m,7,19.21,150.60,40717,18.77,13.11,335,,,
m,7,31.94,196.34,70174,35.64,24.65,513,,,
m,7,30.44,167.08,56563,33.82,24.17,457,,,
m,7,24.66,126.16,40872,27.36,18.84,434,,,
m,7,19.80,137.26,36183,18.85,15.62,388,,,
m,7,25.24,111.23,33895,26.65,18.49,443,,,
m,7,27.97,129.11,40161,29.59,21.34,444,,,
m,7,32.55,161.35,52268,34.69,24.23,442,,,
m,7,28.80,114.67,33857,29.81,20.74,494,,,