Parameter,Value,Initial coverage,Stdev,Max,After merging ,Stdev,Max,,,
m,2,14.68,24.78,3648,17.33,14.99,141,,,
m,2,15.83,28.17,4042,19.75,17.01,170,,,
m,2,14.57,24.94,4387,18.29,15.48,132,,,
m,2,11.34,98.78,42932,13.08,12.33,274,,,
m,2,18.73,30.88,4155,22.65,20.50,204,,,
m,2,17.08,24.80,2811,20.54,16.97,155,,,
m,2,24.63,42.49,4464,31.90,30.05,210,,,
m,2,18.51,27.73,3027,22.07,18.26,156,,,
m,2,8.26,16.45,2173,8.95,8.10,105,,,
m,2,19.10,28.26,2279,23.34,19.48,168,,,
m,2,9.87,17.38,3036,11.62,10.11,92,,,
m,2,16.28,28.78,3617,21.01,18.85,170,,,
m,2,19.66,47.01,9086,24.49,21.90,186,,,
m,2,13.01,29.34,6326,15.66,14.20,138,,,
m,2,17.08,25.30,2897,20.54,17.45,162,,,
m,2,20.16,32.39,3728,24.44,22.37,171,,,
m,2,25.39,47.27,4593,33.88,32.99,260,,,
m,2,17.91,28.37,3633,21.67,18.98,185,,,
m,2,22.93,37.17,5556,29.81,26.29,200,,,
m,2,19.33,74.94,28134,24.32,23.12,274,,,
m,2,20.57,33.83,2778,25.78,23.21,173,,,
m,2,12.46,22.62,3008,14.02,11.03,119,,,
m,2,17.14,24.65,2926,20.53,17.01,143,,,
m,2,21.01,43.72,7175,27.39,25.26,228,,,
m,2,17.26,72.62,26363,21.04,19.28,298,,,
m,2,17.92,30.30,4234,21.95,18.35,155,,,
m,2,14.61,28.47,6078,16.31,17.20,164,,,
m,2,17.13,27.73,3870,20.52,17.50,199,,,
m,2,28.38,71.09,10527,39.37,33.54,285,,,
m,2,22.66,44.08,5722,29.31,24.37,232,,,included
m,2,15.79,32.24,4972,18.15,16.29,201,,,
m,2,22.91,38.77,7757,27.91,26.12,248,,,
m,2,14.26,22.50,3770,16.42,13.63,143,,,
m,2,19.49,31.97,3786,24.14,21.19,170,,,
m,2,20.76,33.45,4458,25.91,22.86,191,,,
m,2,13.31,27.04,5599,16.77,14.98,140,,,
m,2,17.64,32.11,4479,22.55,20.88,158,,,
m,2,11.88,42.31,9765,11.61,14.14,248,,,
m,2,26.66,68.28,9052,35.41,32.58,334,,,
m,2,22.25,42.55,5432,27.62,25.25,231,,,
m,2,19.63,33.64,4687,23.93,21.82,239,,,
m,2,25.75,64.91,8367,33.28,29.23,321,,,
m,2,11.06,21.41,3038,12.59,12.34,108,,,
m,2,19.55,31.04,3552,22.87,18.25,172,,,
m,2,20.90,34.81,3984,25.19,22.17,220,,,
m,2,10.35,21.72,5084,12.44,12.74,129,,,
m,2,18.69,35.79,4754,22.85,22.61,203,,,
m,2,13.38,25.24,3504,16.21,14.75,119,,,
m,2,11.22,21.02,2896,13.03,12.60,103,,,
m,2,14.27,80.96,40683,19.08,21.60,270,,,
m,2,12.86,88.00,42966,16.81,17.83,286,,,
m,2,23.58,46.61,5685,30.07,28.58,247,,,
m,2,22.87,39.51,4463,29.00,26.36,278,,,
m,2,24.20,43.33,5414,30.49,28.48,233,,,
m,2,23.35,41.51,4927,29.58,27.75,213,,,
m,2,20.47,107.07,44200,26.28,25.43,388,,,
m,2,12.04,109.54,42484,12.66,13.08,281,,,
m,2,16.75,30.70,5781,20.71,19.44,152,,,
m,2,11.64,94.30,42477,13.31,13.39,232,,,
m,2,21.31,34.67,3887,27.61,23.51,199,,,
m,2,26.14,45.51,6203,35.35,30.10,223,,,
m,2,24.38,43.90,5415,33.53,28.71,238,,,
m,2,19.00,32.42,4716,24.29,22.21,165,,,
m,2,20.71,38.34,6683,27.32,25.36,242,,,
m,2,15.50,29.31,5885,20.65,19.21,140,,,
m,2,18.81,248.70,94632,19.56,21.14,492,,,
m,2,15.13,27.47,5094,19.49,17.19,136,,,
m,2,18.06,48.44,8548,21.41,20.27,220,,,
m,2,23.48,45.43,7056,29.85,29.73,227,,,
m,2,21.92,37.99,5962,27.21,26.22,200,,,
m,2,26.00,53.76,7230,33.75,34.24,269,,,
m,2,21.65,34.44,4012,26.71,22.61,187,,,
m,2,27.61,46.04,6196,34.81,30.37,252,,,
m,2,27.76,51.56,9488,35.95,35.01,313,,,
m,2,15.63,24.79,2414,19.11,17.12,139,,,
m,2,19.94,30.93,2613,24.28,21.44,170,,,
m,2,25.48,38.39,5416,32.15,27.15,228,,,
m,2,20.39,33.48,2738,25.07,23.51,182,,,
m,2,22.68,37.45,3470,29.25,26.06,211,,,
m,2,17.62,27.89,2110,21.03,19.46,153,,,
m,2,20.19,28.30,4297,24.49,18.93,203,,,
m,2,15.47,21.85,2483,18.19,15.70,119,,,
m,2,13.57,18.97,2366,15.78,13.16,123,,,
m,2,15.85,26.75,2757,19.44,17.19,157,,,
m,2,17.93,27.32,4030,21.41,18.76,166,,,
m,2,16.74,25.91,2424,20.11,17.21,143,,,
m,2,17.71,27.15,3551,21.73,17.34,188,,,
m,2,18.43,28.31,4039,22.80,18.43,200,,,
m,2,16.96,25.04,2947,20.39,17.20,147,,,
m,2,13.69,26.80,5723,16.83,17.03,169,,,
m,2,19.46,33.42,5207,22.82,19.89,210,,,
m,2,17.33,26.34,2136,20.94,18.24,188,,,
m,2,20.80,31.58,3679,25.65,21.62,167,,,
m,2,22.22,34.61,4870,28.06,23.23,203,,,
m,2,21.63,33.45,2913,27.57,23.44,212,,,
m,2,17.61,26.82,2258,21.18,18.86,167,,,
m,2,21.90,36.19,5173,27.54,23.17,205,,,
m,2,16.90,27.23,3871,19.70,17.54,165,,,
m,2,23.04,37.18,3854,29.41,24.97,214,,,
m,2,25.43,42.62,6986,34.18,30.81,215,,,
m,2,18.56,33.79,5501,23.73,20.81,210,,,
m,2,21.99,49.56,6092,28.08,28.76,225,,,
m,2,25.08,44.51,8246,32.91,29.75,238,,,
m,2,8.32,10.38,1017,8.91,7.20,59,,,
m,2,9.68,13.51,1469,10.48,8.80,79,,,
m,2,9.99,21.67,3515,10.77,9.58,108,,,
m,2,6.04,15.95,2186,6.27,4.65,70,,,
m,2,6.22,17.63,2597,6.42,4.74,57,,,
m,2,8.90,14.56,1598,9.57,8.16,75,,,
m,2,7.73,11.02,1047,8.35,6.36,73,,,
m,2,10.32,15.08,1638,11.04,9.90,105,,,
m,2,8.82,11.76,1175,9.52,7.79,69,,,
m,2,7.75,9.90,998,8.24,6.54,59,,,
m,2,11.99,27.98,5129,14.56,16.42,172,,,
m,2,7.75,9.06,889,8.24,6.33,56,,,
m,2,8.66,27.63,3947,9.05,7.61,107,,,
m,2,8.82,22.96,3251,9.36,7.79,107,,,
m,2,16.36,25.53,2749,17.82,17.97,124,,,
m,2,17.12,32.58,4087,18.92,20.24,151,,,
m,2,5.81,8.34,961,6.15,4.40,45,,,
m,2,9.74,15.87,1534,10.47,9.16,80,,,
m,2,6.89,7.78,776,7.36,5.36,61,,,
m,2,7.12,8.95,833,7.64,5.73,54,,,
m,2,24.40,44.41,5256,27.40,31.50,249,,,
m,2,4.56,7.68,811,4.77,3.44,43,,,
m,2,11.84,17.90,1548,12.79,11.89,99,,,
m,2,9.87,28.10,3523,11.31,12.69,137,,,
m,2,4.62,43.85,5471,4.62,3.67,103,,,
m,2,15.94,26.74,3362,18.89,15.56,187,,,
m,2,20.73,40.80,5184,25.39,22.03,204,,,
m,2,12.61,21.65,3856,14.89,14.06,126,,,
m,2,18.10,44.54,5633,21.32,20.37,230,,,
m,2,20.57,41.26,5569,26.13,26.37,210,,,
m,2,4.16,42.15,5947,4.00,2.89,88,,,
m,2,11.05,16.72,2888,12.04,11.36,93,,,
m,2,8.20,37.34,18411,10.17,9.28,141,,,
m,2,5.73,36.76,7452,6.42,5.14,97,,,
m,2,4.48,22.38,2293,4.61,3.23,61,,,
m,2,4.25,17.93,6598,4.86,3.43,60,,,
m,2,5.80,15.89,2921,6.88,5.63,68,,,
m,2,9.36,20.23,3114,10.20,10.58,100,,,
m,2,22.42,41.21,5111,28.76,27.31,214,,,
m,2,18.11,35.68,5819,23.96,23.12,170,,,
m,2,23.26,42.34,8025,28.12,29.60,225,,,
m,2,13.61,23.42,3401,15.54,14.09,135,,,
m,2,16.87,34.86,5723,20.33,22.01,182,,,
m,2,8.26,10.55,892,8.92,6.86,61,,,
m,2,17.56,29.30,2842,19.42,19.93,159,,,
m,2,10.03,13.75,1356,10.70,9.40,80,,,
m,2,8.65,10.72,1158,9.32,7.42,75,,,
m,2,8.19,10.90,1001,8.73,6.96,61,,,
m,2,19.94,46.89,7401,25.97,25.59,239,,,
m,2,9.19,14.53,1571,9.88,8.39,72,,,
m,2,10.22,14.19,1374,11.00,9.40,87,,,
m,2,13.42,19.99,2079,14.54,13.68,111,,,
m,2,7.95,10.45,1053,8.50,6.70,64,,,
m,2,10.82,15.52,1329,11.59,10.52,101,,,
m,2,9.84,14.05,1311,10.57,9.25,82,,,
m,2,7.26,8.96,803,7.79,5.85,55,,,
m,2,8.52,11.77,1164,9.20,7.52,70,,,
m,2,7.12,8.88,754,7.60,5.71,54,,,
m,2,6.77,10.02,927,7.18,5.33,58,,,
m,2,16.70,26.36,4232,20.08,17.83,164,,,
m,2,14.96,26.07,2766,16.39,15.92,130,,,
m,2,12.32,17.93,1860,13.19,12.47,99,,,
m,2,10.81,14.34,1482,11.59,10.28,105,,,
m,2,7.66,12.06,1408,8.25,6.16,65,,,
m,2,12.83,19.75,1808,13.63,12.65,127,,,
m,2,9.50,12.93,1216,10.23,8.61,92,,,
m,2,6.82,7.54,774,7.30,5.20,49,,,
m,2,11.51,17.17,1815,12.48,10.89,91,,,
m,2,8.34,14.65,1395,8.91,7.09,86,,,
m,2,12.50,19.05,2160,13.45,12.81,100,,,
m,2,19.93,44.93,5751,25.17,24.15,260,,,
m,2,9.49,13.46,1340,10.17,8.72,86,,,
m,2,13.39,20.90,1787,14.52,13.89,129,,,
m,2,11.61,18.69,1620,12.55,11.39,118,,,
m,2,8.93,12.05,1252,9.60,7.86,71,,,
m,2,5.39,6.23,466,5.67,3.74,45,,,
m,2,6.41,7.50,725,6.86,4.84,42,,,
m,2,8.59,10.02,996,9.15,7.21,57,,,
m,2,8.24,13.87,1390,8.89,7.06,76,,,
m,2,7.31,8.73,886,7.85,5.86,66,,,
m,2,8.41,10.19,1091,9.03,7.04,54,,,
m,2,20.01,33.91,4822,24.65,22.74,173,,,
m,2,6.09,7.18,542,6.51,4.49,46,,,
m,2,7.59,16.85,2329,8.03,6.22,74,,,
m,2,10.55,17.66,1878,11.46,9.90,90,,,
m,2,10.89,16.32,1518,11.70,10.53,94,,,
m,2,8.78,16.21,1557,9.40,7.90,94,,,
m,2,11.62,22.54,2497,12.31,11.22,106,,,
m,2,17.40,36.44,4368,21.06,20.48,198,,,
m,2,8.40,10.20,1028,8.97,7.09,63,,,
m,2,8.92,11.59,1136,9.61,7.79,59,,,
m,2,7.81,9.97,975,8.31,6.47,60,,,
m,2,8.79,10.70,1154,9.42,7.58,58,,,
m,2,19.71,32.67,4132,24.31,22.30,172,,,
m,2,10.02,12.56,1380,10.69,9.09,81,,,
m,2,14.16,21.42,2460,15.18,14.80,139,,,
m,2,9.01,20.96,2894,9.51,8.15,100,,,
m,2,7.59,8.98,837,8.04,6.34,53,,,
m,2,7.70,9.50,980,8.23,6.35,56,,,
m,2,6.13,8.39,787,6.47,4.70,49,,,
m,2,4.87,5.32,479,5.07,3.36,33,,,
m,2,9.39,12.74,1329,10.06,8.49,74,,,
m,2,14.50,21.28,2631,15.72,15.42,135,,,
m,2,9.26,16.13,1918,9.99,8.28,92,,,
m,2,22.90,46.03,5258,29.63,29.61,235,,,
m,2,20.18,37.38,7017,26.65,25.34,163,,,
m,2,17.58,28.66,4549,21.54,18.96,176,,,
m,2,19.76,33.65,5088,24.91,22.38,173,,,
m,2,24.76,37.50,6368,33.86,26.14,226,,,
m,2,13.59,23.41,3341,15.68,15.51,121,,,
m,2,19.87,30.87,6054,24.98,19.73,217,,,
m,2,17.59,27.31,3903,21.39,18.24,146,,,
m,2,16.85,30.16,5436,20.46,18.09,153,,,
m,2,17.50,29.33,4536,22.57,19.84,202,,,
m,2,22.80,36.24,5190,29.85,24.56,251,,,
m,2,26.60,46.94,7796,37.36,31.69,311,,,
m,2,18.23,34.35,5522,22.36,19.23,186,,,
m,2,18.62,34.53,5264,22.92,21.48,193,,,
m,2,26.31,47.65,6482,36.11,33.13,267,,,
m,2,16.49,30.74,4542,19.26,18.78,208,,,
m,2,10.57,26.59,5925,12.94,14.79,144,,,
m,2,12.67,25.27,3690,15.82,15.30,148,,,
m,2,18.44,35.99,4935,22.99,23.07,199,,,
m,2,18.18,49.94,19415,22.79,23.62,266,,,
m,2,21.98,39.39,6903,27.81,26.08,252,,,
m,2,20.24,33.50,3516,24.99,23.35,210,,,
m,2,16.49,36.08,4994,19.97,19.99,163,,,
m,2,8.96,21.04,2616,9.21,8.55,118,,,
m,2,18.61,33.57,5679,22.73,21.84,202,,,
m,2,14.43,31.80,6288,18.08,19.71,157,,,
m,2,18.64,38.87,6184,23.46,21.90,201,,,
m,2,22.05,32.75,2651,27.08,22.91,212,,,
m,2,36.97,77.14,10155,59.55,54.56,378,,,
m,2,2.52,3.58,67,2.28,0.96,10,,,
m,2,19.53,36.91,4398,23.48,19.69,201,,,
m,2,15.10,32.01,5516,18.88,17.08,174,,,
m,2,12.79,22.66,4466,14.94,13.13,138,,,
m,2,17.09,38.29,5644,21.32,19.67,178,,,
m,2,14.21,25.32,4482,17.69,15.30,161,,,
m,2,19.24,143.49,54353,22.52,21.23,384,,,
m,2,17.75,33.90,6287,21.98,19.69,176,,,
m,2,13.79,45.82,18986,17.82,19.35,207,,,
m,2,24.35,46.18,6455,31.97,27.44,220,,,
m,2,16.39,27.67,4021,19.45,17.69,153,,,
m,2,14.73,26.55,3977,17.09,15.85,137,,,
m,2,17.75,33.91,4580,21.92,20.73,183,,,
m,2,25.24,43.91,5739,33.43,30.20,283,,,
m,2,24.72,44.63,5925,32.84,29.18,213,,,
m,3,18.51,27.14,3648,20.33,15.05,161,,,
m,3,20.40,31.18,4042,22.88,17.30,179,,,
m,3,19.10,27.72,4387,21.53,15.83,177,,,
m,3,14.61,114.59,42932,15.79,13.21,348,,,
m,3,23.86,33.67,4155,27.03,21.09,204,,,
m,3,20.75,26.38,2811,23.33,16.96,205,,,
m,3,32.83,46.98,4464,38.24,32.08,333,,,
m,3,22.85,29.67,3027,25.05,18.10,179,,,
m,3,11.06,19.14,2173,11.92,8.24,99,,,
m,3,22.76,29.90,2279,25.49,19.80,168,,,
m,3,12.58,19.43,3036,14.29,10.19,94,,,
m,3,20.02,31.28,3617,23.94,19.26,181,,,
m,3,24.10,51.65,9086,26.65,21.86,240,,,
m,3,17.36,33.69,6326,19.08,14.71,186,,,
m,3,20.81,26.98,2897,23.40,17.72,169,,,
m,3,26.38,35.45,3728,29.63,23.09,178,,,
m,3,34.70,53.10,4593,41.19,35.92,285,,,
m,3,22.45,30.68,3633,25.40,19.16,186,,,
m,3,30.39,40.78,5556,35.39,26.74,256,,,
m,3,23.79,83.46,28134,27.32,23.60,414,,,
m,3,25.78,36.63,2778,29.25,24.03,222,,,
m,3,14.75,24.38,3008,15.93,10.81,132,,,
m,3,20.99,26.26,2926,23.54,17.15,160,,,
m,3,28.35,49.56,7175,32.57,25.56,265,,,
m,3,20.90,80.40,26363,23.62,19.51,298,,,
m,3,22.06,32.77,4234,24.77,18.15,195,,,
m,3,19.34,32.13,6078,20.90,18.30,189,,,
m,3,21.42,30.06,3870,24.14,17.35,177,,,
m,3,37.48,80.47,10527,43.20,33.45,336,,,
m,3,28.50,48.35,5722,32.56,24.07,272,,,
m,3,19.33,35.28,4972,20.98,16.58,229,,,included
m,3,30.25,42.70,7757,34.37,27.11,259,,,
m,3,17.23,24.16,3770,18.91,13.69,149,,,
m,3,24.43,34.63,3786,27.53,21.63,194,,,
m,3,26.23,36.23,4458,29.95,23.47,248,,,
m,3,18.03,31.00,5599,20.46,15.58,173,,,
m,3,22.98,35.65,4479,27.17,21.68,191,,,included
m,3,16.62,50.79,9765,15.96,17.16,296,,,
m,3,36.80,78.91,9052,40.97,32.28,407,,,
m,3,29.17,47.34,5432,32.26,25.22,279,,,
m,3,26.00,37.25,4687,28.89,21.87,239,,,
m,3,34.30,73.86,8367,37.61,28.93,321,,,
m,3,15.60,25.02,3038,17.28,12.69,145,,,
m,3,23.31,33.01,3552,24.85,17.96,172,,,
m,3,27.40,38.26,3984,29.53,22.13,236,,,
m,3,13.32,24.60,5084,15.53,13.50,122,,,
m,3,24.74,40.10,4754,27.64,22.71,227,,,
m,3,17.05,28.06,3504,19.44,14.74,150,,,
m,3,15.41,24.21,2896,17.34,12.91,141,,,
m,3,18.80,94.34,40683,23.92,23.20,316,,,
m,3,16.64,101.92,42966,20.61,18.87,284,,,
m,3,32.02,52.62,5685,36.12,29.30,298,,,
m,3,30.03,43.54,4463,33.89,27.05,278,,,
m,3,32.20,48.09,5414,36.23,29.37,266,,,
m,3,31.10,46.08,4927,35.15,28.69,266,,,
m,3,26.22,122.04,44200,30.59,26.30,509,,,
m,3,16.22,130.11,42484,16.58,14.63,372,,,
m,3,22.75,34.66,5781,25.77,20.40,211,,,
m,3,15.41,111.01,42477,17.12,14.34,347,,,
m,3,26.43,37.36,3887,31.12,23.73,215,,,
m,3,33.25,49.59,6203,39.71,30.42,278,,,
m,3,31.57,48.32,5415,38.27,28.32,262,,,
m,3,24.19,35.45,4716,28.97,22.93,195,,,
m,3,26.23,42.07,6683,32.41,26.55,232,,,
m,3,21.49,33.52,5885,26.03,20.37,177,,,
m,3,25.01,290.70,94632,23.98,24.14,644,,,
m,3,20.26,30.92,5094,23.45,17.69,191,,,
m,3,24.13,55.67,8548,25.67,21.35,318,,,
m,3,33.81,52.22,7056,37.77,31.41,311,,,
m,3,30.95,42.85,5962,34.60,27.97,258,,,
m,3,38.38,62.69,7230,43.17,36.70,391,,,
m,3,27.55,37.29,4012,30.06,22.63,230,,,
m,3,36.74,50.58,6196,40.88,31.27,293,,,
m,3,39.95,58.76,9488,45.52,37.09,383,,,
m,3,19.80,26.99,2414,22.69,17.45,156,,,
m,3,24.37,33.08,2613,27.42,22.24,202,,,
m,3,31.49,40.91,5416,36.08,27.84,257,,,
m,3,25.87,36.40,2738,29.35,24.68,232,,,
m,3,29.03,40.76,3470,33.53,26.92,262,,,
m,3,22.56,30.37,2110,25.22,20.02,153,,,
m,3,24.50,29.90,4297,27.36,18.50,220,,,
m,3,18.88,23.26,2483,21.04,16.11,146,,,
m,3,16.53,20.22,2366,18.43,13.23,147,,,
m,3,19.33,28.91,2757,21.98,17.47,157,,,
m,3,22.86,29.57,4030,25.91,18.91,168,,,
m,3,19.74,27.48,2424,22.11,17.44,167,,,
m,3,20.97,28.78,3551,23.82,17.16,201,,,
m,3,22.24,30.17,4039,25.38,18.18,200,,,
m,3,20.55,26.66,2947,23.19,17.26,174,,,included
m,3,17.44,29.84,5723,20.95,18.38,169,,,included
m,3,23.07,35.66,5207,25.31,20.37,213,,,
m,3,20.77,28.02,2136,23.41,18.65,188,,,
m,3,25.30,33.63,3679,28.63,22.17,232,,,
m,3,27.34,37.04,4870,31.08,23.61,213,,,
m,3,26.81,35.86,2913,30.71,24.06,226,,,
m,3,21.77,28.79,2258,24.64,19.33,167,,,
m,3,27.06,38.99,5173,30.85,23.63,265,,,
m,3,21.37,29.62,3871,23.91,17.67,206,,,
m,3,28.65,40.02,3854,32.67,25.62,260,,,
m,3,34.68,47.24,6986,41.37,32.36,288,,,
m,3,24.13,37.45,5501,27.99,20.99,233,,,included
m,3,30.14,56.81,6092,34.43,29.60,320,,,
m,3,33.46,49.36,8246,39.92,30.14,278,,,
m,3,10.09,11.11,1017,10.86,7.25,62,,,
m,3,11.73,14.54,1469,12.74,8.82,99,,,
m,3,12.13,23.97,3515,13.00,9.62,108,,,
m,3,7.46,18.33,2186,7.60,4.72,74,,,
m,3,7.64,20.17,2597,7.74,4.79,91,,,
m,3,10.81,15.93,1598,11.57,8.19,86,,,
m,3,9.23,11.94,1047,9.92,6.33,73,,,
m,3,12.60,16.29,1638,13.56,10.15,105,,,
m,3,10.69,12.65,1175,11.56,7.78,77,,,
m,3,9.42,10.69,998,10.08,6.60,54,,,
m,3,16.83,33.03,5129,20.09,17.77,199,,,
m,3,9.35,9.65,889,10.04,6.37,56,,,
m,3,10.57,31.07,3947,10.92,7.69,152,,,
m,3,10.66,25.56,3251,11.21,7.79,109,,,
m,3,19.68,27.28,2749,21.33,18.71,149,,,
m,3,21.20,35.63,4087,22.94,20.94,188,,,
m,3,7.14,9.33,961,7.46,4.41,44,,,
m,3,11.80,17.28,1534,12.63,9.26,97,,,
m,3,8.32,8.32,776,8.90,5.32,61,,,
m,3,8.56,9.66,833,9.17,5.69,61,,,
m,3,30.99,48.59,5256,34.05,33.53,288,,,
m,3,6.14,9.41,811,6.25,3.65,48,,,
m,3,14.54,19.36,1548,15.72,12.15,115,,,
m,3,15.26,35.48,3523,17.04,13.47,158,,,
m,3,6.34,56.38,5471,5.90,4.23,197,,,
m,3,19.43,28.86,3362,21.69,15.34,187,,,
m,3,25.95,44.76,5184,29.31,21.70,237,,,
m,3,16.88,24.38,3856,19.38,14.49,167,,,
m,3,23.90,50.70,5633,26.44,20.28,230,,,
m,3,28.06,46.83,5569,32.43,27.59,335,,,
m,3,5.89,56.54,5947,5.11,3.38,114,,,
m,3,14.72,18.61,2888,15.95,11.90,112,,,
m,3,10.11,42.51,18411,12.09,9.62,139,,,
m,3,7.34,43.85,7452,7.71,5.35,132,,,
m,3,6.04,28.45,2293,5.75,3.50,104,,,
m,3,5.51,22.28,6598,5.87,3.60,74,,,
m,3,7.65,19.10,2921,8.61,5.70,101,,,
m,3,13.13,24.02,3114,14.20,11.46,128,,,
m,3,30.22,46.12,5111,34.87,28.44,286,,,included
m,3,24.28,40.28,5819,29.49,23.10,219,,,no
m,3,32.37,47.80,8025,37.10,31.82,315,,,no
m,3,17.22,25.78,3401,18.48,14.39,152,,,
m,3,22.66,39.60,5723,25.72,23.48,209,,,
m,3,9.85,11.28,892,10.62,6.79,61,,,
m,3,21.62,31.66,2842,23.58,20.58,170,,,
m,3,12.20,14.76,1356,13.12,9.59,80,,,
m,3,10.44,11.44,1158,11.31,7.40,75,,,
m,3,9.93,11.77,1001,10.67,7.02,66,,,
m,3,27.64,54.28,7401,31.93,26.35,276,,,
m,3,11.13,15.82,1571,11.93,8.41,75,,,
m,3,12.33,15.21,1374,13.34,9.47,87,,,
m,3,16.20,21.39,2079,17.56,14.02,161,,,
m,3,9.61,11.27,1053,10.32,6.74,65,,,
m,3,13.28,16.74,1329,14.32,10.80,110,,,
m,3,12.08,15.20,1311,13.06,9.39,82,,,
m,3,8.74,9.64,803,9.38,5.84,56,,,
m,3,10.34,12.73,1164,11.15,7.53,85,,,
m,3,8.59,9.58,754,9.19,5.74,59,,,
m,3,8.20,11.03,927,8.63,5.31,65,,,
m,3,21.49,28.77,4232,24.27,18.27,208,,,
m,3,18.12,28.19,2766,19.56,16.16,152,,,
m,3,15.06,19.26,1860,16.23,12.80,107,,,
m,3,13.13,15.29,1482,14.19,10.48,105,,,
m,3,9.16,13.16,1408,9.78,6.04,84,,,
m,3,15.69,21.30,1808,16.57,12.80,127,,,
m,3,11.51,13.88,1216,12.45,8.63,92,,,
m,3,8.19,8.03,774,8.81,5.21,54,,,
m,3,13.88,18.44,1815,15.03,10.90,95,,,
m,3,10.01,16.06,1395,10.63,7.05,99,,,
m,3,15.38,20.59,2160,16.58,13.13,114,,,
m,3,26.60,51.04,5751,30.11,24.56,287,,,
m,3,11.53,14.53,1340,12.42,8.81,86,,,
m,3,16.41,22.56,1787,17.72,14.13,132,,,
m,3,14.16,20.27,1620,15.25,11.50,118,,,
m,3,10.78,12.95,1252,11.60,7.85,81,,,
m,3,6.58,6.86,466,6.85,3.78,45,,,
m,3,7.71,8.09,725,8.21,4.79,53,,,
m,3,10.26,10.59,996,11.05,7.25,72,,,
m,3,9.93,15.20,1390,10.65,6.99,76,,,
m,3,8.78,9.34,886,9.45,5.85,66,,,
m,3,10.12,10.85,1091,10.94,7.03,59,,,
m,3,26.05,37.29,4822,29.66,23.48,224,,,
m,3,7.35,7.80,542,7.77,4.43,54,,,
m,3,9.12,18.72,2329,9.54,6.15,87,,,
m,3,12.72,19.17,1878,13.72,9.89,97,,,
m,3,13.24,17.61,1518,14.22,10.69,108,,,
m,3,10.69,17.89,1557,11.36,7.88,94,,,
m,3,14.22,24.76,2497,14.92,11.28,125,,,
m,3,23.77,41.70,4368,26.31,21.04,239,,,
m,3,10.05,10.84,1028,10.78,7.15,75,,,
m,3,10.68,12.38,1136,11.53,7.79,82,,,
m,3,9.43,10.73,975,10.06,6.48,60,,,
m,3,10.55,11.36,1154,11.36,7.62,70,,,
m,3,25.51,35.78,4132,29.10,23.10,238,,,
m,3,12.12,13.33,1380,13.05,9.17,81,,,
m,3,17.39,23.04,2460,18.72,15.36,165,,,
m,3,11.01,23.38,2894,11.52,8.17,124,,,
m,3,9.23,9.61,837,9.87,6.44,55,,,
m,3,9.27,10.19,980,9.96,6.38,75,,,
m,3,7.51,9.29,787,7.88,4.74,49,,,
m,3,6.12,5.95,479,6.33,3.44,37,,,
m,3,11.40,13.70,1329,12.27,8.60,83,,,
m,3,17.82,22.82,2631,19.34,15.92,144,,,
m,3,11.20,17.65,1918,12.02,8.20,92,,,
m,3,32.22,52.74,5258,37.21,31.57,327,,,
m,3,28.87,42.81,7017,33.84,27.36,249,,,
m,3,22.47,31.29,4549,25.63,19.45,184,,,
m,3,25.73,37.03,5088,29.54,22.98,272,,,
m,3,31.36,40.25,6368,37.32,26.00,274,,,
m,3,18.39,26.39,3341,20.81,16.33,184,,,
m,3,24.55,33.13,6054,28.59,19.29,217,,,
m,3,21.82,29.39,3903,25.03,18.22,148,,,
m,3,21.67,33.31,5436,24.90,17.79,183,,,
m,3,22.10,31.99,4536,26.39,19.99,202,,,
m,3,28.10,38.85,5190,32.86,24.71,253,,,
m,3,35.11,51.81,7796,42.28,31.70,332,,,
m,3,22.98,37.76,5522,26.32,18.95,222,,,
m,3,26.11,39.36,5264,28.37,22.22,262,,,
m,3,36.54,53.60,6482,43.24,34.29,358,,,
m,3,22.44,34.80,4542,25.00,19.17,229,,,
m,3,13.81,30.60,5925,17.07,16.42,138,,,
m,3,16.45,28.47,3690,19.93,15.80,149,,,
m,3,25.23,40.89,4935,29.36,24.52,296,,,
m,3,24.66,57.85,19415,28.45,24.27,266,,,
m,3,30.42,44.36,6903,34.80,27.05,285,,,
m,3,26.63,36.85,3516,30.34,24.32,232,,,
m,3,21.78,40.89,4994,23.95,20.12,172,,,included
m,3,11.54,24.13,2616,11.68,8.80,118,,,
m,3,24.78,37.48,5679,28.08,22.70,207,,,
m,3,20.53,37.34,6288,24.76,21.98,191,,,
m,3,25.29,44.27,6184,28.91,22.36,237,,,
m,3,27.75,35.09,2651,30.03,22.95,245,,,
m,3,58.50,91.64,10155,73.70,58.81,574,,,
m,3,5.60,8.85,67,3.76,1.26,8,,,
m,3,23.89,40.07,4398,25.82,19.42,201,,,
m,3,20.17,36.45,5516,22.98,17.41,188,,,
m,3,16.19,25.05,4466,18.14,13.25,164,,,
m,3,22.67,43.51,5644,25.78,19.89,223,,,
m,3,18.55,28.23,4482,21.21,15.59,153,,,
m,3,24.71,164.29,54353,26.39,22.73,473,,,
m,3,22.90,37.65,6287,25.96,20.17,220,,,
m,3,17.24,51.58,18986,21.56,20.47,207,,,
m,3,31.09,50.79,6455,36.15,27.34,309,,,
m,3,21.16,30.47,4021,23.97,17.93,231,,,
m,3,19.33,29.67,3977,21.49,16.10,194,,,
m,3,23.54,38.06,4580,27.04,21.27,196,,,
m,3,33.38,48.45,5739,39.25,31.26,283,,,
m,3,32.01,49.12,5925,37.50,29.82,322,,,
m,4,20.05,27.99,3648,21.78,14.95,191,,,
m,4,22.10,32.16,4042,24.34,17.16,179,,,
m,4,20.77,28.61,4387,22.98,15.75,185,,,
m,4,16.10,121.60,42932,17.14,13.50,348,,,
m,4,25.78,34.56,4155,28.79,20.99,204,,,
m,4,22.12,26.89,2811,24.58,16.77,155,,,
m,4,35.90,48.30,4464,40.65,32.33,333,,,
m,4,24.43,30.27,3027,26.34,17.87,179,,,
m,4,12.31,20.28,2173,13.12,8.14,101,,,
m,4,24.37,30.53,2279,26.94,19.75,168,,,
m,4,14.02,20.46,3036,15.55,10.05,123,,,
m,4,22.07,32.51,3617,25.59,19.22,181,,,
m,4,26.03,53.54,9086,28.18,21.77,240,,,
m,4,19.13,35.30,6326,20.63,14.65,227,,,
m,4,22.34,27.59,2897,24.83,17.66,169,,,
m,4,28.47,36.28,3728,31.43,23.06,223,,,
m,4,38.33,54.91,4593,43.86,36.17,330,,,
m,4,24.13,31.42,3633,26.93,18.98,186,,,
m,4,32.87,41.70,5556,37.29,26.48,256,,,
m,4,25.64,86.85,28134,28.90,23.62,414,,,
m,4,27.82,37.57,2778,30.92,24.05,274,,,
m,4,15.78,25.17,3008,16.86,10.68,132,,,
m,4,22.44,26.77,2926,24.85,17.00,160,,,
m,4,31.18,51.49,7175,34.90,25.27,265,,,
m,4,22.45,83.64,26363,25.02,19.57,302,,,
m,4,23.60,33.60,4234,26.07,17.93,195,,,
m,4,21.85,33.82,6078,23.63,18.44,193,,,
m,4,22.83,30.74,3870,25.38,17.17,177,,,
m,4,40.56,83.29,10527,44.80,33.28,380,,,
m,4,30.50,49.65,5722,34.02,23.81,272,,,
m,4,20.99,36.63,4972,22.51,16.54,217,,,
m,4,32.80,43.80,7757,36.44,27.04,282,,,
m,4,18.49,24.81,3770,20.14,13.61,158,,,
m,4,26.38,35.54,3786,29.27,21.60,215,,,
m,4,28.27,37.10,4458,31.76,23.44,248,,,
m,4,19.94,32.41,5599,22.00,15.50,188,,,
m,4,25.38,37.01,4479,29.16,21.64,238,,,
m,4,18.93,54.59,9765,18.11,18.63,303,,,
m,4,40.52,82.29,9052,43.18,32.00,407,,,
m,4,31.93,48.96,5432,34.49,24.87,270,,,
m,4,28.29,38.31,4687,30.85,21.51,239,,,
m,4,37.34,76.69,8367,39.46,28.65,325,,,
m,4,17.46,26.30,3038,18.77,12.49,145,,,
m,4,24.77,33.71,3552,26.03,17.75,180,,,
m,4,29.56,39.19,3984,31.09,21.85,223,,,
m,4,15.40,26.49,5084,17.44,13.63,132,,,
m,4,28.18,42.14,4754,30.53,22.40,249,,,
m,4,18.94,29.38,3504,21.07,14.53,164,,,
m,4,17.23,25.42,2896,18.84,12.79,169,,,
m,4,21.67,102.30,40683,26.74,23.73,393,,,
m,4,19.02,110.26,42966,22.84,19.28,367,,,
m,4,35.43,54.62,5685,38.84,29.03,302,,,
m,4,32.75,44.78,4463,36.03,26.89,278,,,
m,4,35.37,49.61,5414,38.82,29.23,271,,,
m,4,34.20,47.55,4927,37.68,28.59,253,,,
m,4,28.37,127.35,44200,32.50,26.43,453,,,
m,4,17.86,137.87,42484,18.10,15.03,507,,,
m,4,25.22,36.01,5781,28.11,20.35,211,,,
m,4,16.86,117.22,42477,18.57,14.50,347,,,
m,4,28.41,38.26,3887,32.54,23.54,235,,,
m,4,35.87,50.85,6203,41.35,30.27,289,,,
m,4,34.43,49.78,5415,40.14,27.96,287,,,
m,4,26.79,36.73,4716,31.18,22.85,217,,,
m,4,28.95,43.66,6683,34.60,26.73,242,,,
m,4,24.15,35.06,5885,28.27,20.33,183,,,
m,4,27.80,308.48,94632,26.22,25.71,847,,,
m,4,22.19,32.02,5094,25.11,17.56,191,,,
m,4,26.74,58.49,8548,27.91,21.48,318,,,
m,4,38.30,54.46,7056,41.17,31.20,348,,,
m,4,34.74,44.32,5962,37.66,27.89,287,,,
m,4,43.44,65.49,7230,46.77,36.71,438,,,
m,4,29.61,38.12,4012,31.58,22.38,230,,,
m,4,39.79,51.75,6196,43.08,31.20,293,,,
m,4,44.98,60.93,9488,49.39,36.91,383,,,
m,4,21.58,27.79,2414,24.24,17.40,156,,,
m,4,26.29,33.87,2613,29.16,22.36,202,,,
m,4,33.54,41.62,5416,37.60,27.83,257,,,
m,4,28.22,37.44,2738,31.49,24.85,196,,,
m,4,31.46,41.80,3470,35.43,26.96,315,,,
m,4,24.47,31.16,2110,26.87,19.94,153,,,
m,4,25.85,30.32,4297,28.43,18.23,220,,,
m,4,20.44,23.81,2483,22.56,16.20,169,,,
m,4,17.82,20.70,2366,19.69,13.17,127,,,
m,4,21.07,29.89,2757,23.49,17.40,190,,,
m,4,24.58,30.22,4030,27.33,18.73,166,,,
m,4,21.25,28.21,2424,23.53,17.43,167,,,
m,4,22.34,29.41,3551,25.04,16.96,201,,,
m,4,23.66,30.79,4039,26.58,17.95,195,,,
m,4,22.01,27.24,2947,24.58,17.16,174,,,
m,4,19.74,31.53,5723,23.28,18.77,169,,,
m,4,24.65,36.57,5207,26.63,20.38,232,,,
m,4,22.40,28.73,2136,24.95,18.66,196,,,
m,4,27.03,34.31,3679,30.13,22.16,232,,,
m,4,29.22,37.79,4870,32.57,23.51,226,,,
m,4,28.82,36.64,2913,32.33,24.02,244,,,
m,4,23.45,29.48,2258,26.22,19.29,167,,,
m,4,28.91,39.86,5173,32.27,23.53,265,,,
m,4,22.85,30.31,3871,25.31,17.56,207,,,
m,4,30.73,40.91,3854,34.28,25.59,260,,,
m,4,38.01,48.47,6986,44.00,32.19,301,,,
m,4,26.07,38.56,5501,29.69,20.75,240,,,
m,4,33.60,59.44,6092,37.43,29.43,320,,,
m,4,36.28,50.67,8246,42.15,29.82,328,,,
m,4,11.31,11.60,1017,12.19,7.17,85,,,
m,4,13.04,15.17,1469,14.18,8.71,99,,,
m,4,13.61,25.53,3515,14.55,9.51,110,,,
m,4,8.64,20.45,2186,8.60,4.73,93,,,
m,4,8.78,22.36,2597,8.72,4.82,91,,,
m,4,12.17,16.90,1598,12.99,8.09,86,,,
m,4,10.35,12.64,1047,11.02,6.21,73,,,
m,4,14.09,17.03,1638,15.23,10.10,105,,,
m,4,11.92,13.22,1175,12.92,7.71,91,,,
m,4,10.60,11.24,998,11.31,6.54,74,,,
m,4,19.68,35.61,5129,22.86,17.79,199,,,
m,4,10.48,10.06,889,11.25,6.28,56,,,
m,4,11.87,33.45,3947,12.20,7.67,152,,,
m,4,11.95,27.41,3251,12.50,7.73,109,,,
m,4,21.85,28.28,2749,23.79,18.90,214,,,
m,4,23.65,37.28,4087,25.56,21.07,207,,,
m,4,8.22,10.21,961,8.44,4.37,55,,,
m,4,13.21,18.23,1534,14.15,9.16,97,,,
m,4,9.36,8.73,776,9.93,5.25,61,,,
m,4,9.63,10.20,833,10.26,5.66,61,,,
m,4,34.45,50.44,5256,37.78,33.88,288,,,
m,4,7.33,10.82,811,7.29,3.76,57,,,
m,4,16.21,20.17,1548,17.59,12.07,123,,,
m,4,17.86,38.57,3523,19.24,13.25,186,,,
m,4,8.15,69.95,5471,7.07,4.87,201,,,
m,4,20.73,29.59,3362,22.87,15.12,194,,,
m,4,27.87,46.08,5184,31.02,21.40,237,,,
m,4,19.02,25.53,3856,21.39,14.32,167,,,
m,4,26.15,52.87,5633,28.59,19.94,242,,,
m,4,31.43,48.92,5569,35.38,27.45,335,,,
m,4,7.80,72.80,5947,6.15,4.21,155,,,
m,4,16.41,19.33,2888,17.80,11.93,120,,,
m,4,11.46,46.25,18411,13.29,9.79,167,,,
m,4,8.70,50.20,7452,8.69,5.53,145,,,
m,4,7.41,34.18,2293,6.67,3.92,154,,,
m,4,6.74,27.09,6598,6.81,3.82,90,,,
m,4,9.04,21.59,2921,9.66,5.68,101,,,
m,4,15.06,25.77,3114,16.19,11.56,161,,,
m,4,33.12,47.61,5111,37.27,28.36,286,,,
m,4,27.72,42.42,5819,32.32,22.59,261,,,
m,4,36.53,49.68,8025,41.09,31.80,294,,,
m,4,19.17,26.91,3401,20.12,14.31,153,,,
m,4,26.30,42.12,5723,28.89,23.63,209,,,
m,4,10.97,11.79,892,11.79,6.69,75,,,
m,4,24.01,32.88,2842,26.25,20.67,200,,,
m,4,13.67,15.39,1356,14.79,9.54,85,,,
m,4,11.62,11.89,1158,12.57,7.26,75,,,
m,4,11.09,12.34,1001,11.89,6.91,66,,,
m,4,30.58,56.71,7401,34.42,26.12,307,,,
m,4,12.48,16.70,1571,13.37,8.33,85,,,
m,4,13.71,15.84,1374,14.87,9.35,87,,,
m,4,17.99,22.19,2079,19.60,14.00,161,,,
m,4,10.79,11.85,1053,11.54,6.64,64,,,
m,4,14.87,17.46,1329,16.11,10.75,110,,,
m,4,13.55,15.91,1311,14.68,9.27,82,,,
m,4,9.84,10.16,803,10.50,5.77,61,,,
m,4,11.56,13.36,1164,12.48,7.43,85,,,
m,4,9.69,10.12,754,10.29,5.67,77,,,
m,4,9.28,11.84,927,9.64,5.22,65,,,
m,4,23.24,29.50,4232,25.97,18.16,208,,,
m,4,20.11,29.41,2766,21.71,16.08,152,,,
m,4,16.81,20.01,1860,18.23,12.76,107,,,
m,4,14.63,15.84,1482,15.93,10.47,105,,,
m,4,10.19,13.96,1408,10.77,5.92,84,,,
m,4,17.46,22.17,1808,18.47,12.65,151,,,
m,4,12.84,14.48,1216,13.90,8.49,92,,,
m,4,9.21,8.42,774,9.82,5.13,56,,,
m,4,15.37,19.19,1815,16.70,10.73,109,,,
m,4,11.21,17.09,1395,11.82,6.92,99,,,
m,4,17.18,21.45,2160,18.62,13.13,114,,,
m,4,29.24,53.18,5751,32.39,24.38,287,,,
m,4,12.87,15.20,1340,13.90,8.74,97,,,
m,4,18.26,23.47,1787,19.80,14.08,132,,,
m,4,15.75,21.19,1620,17.00,11.36,119,,,
m,4,12.04,13.55,1252,12.97,7.76,81,,,
m,4,7.60,7.46,466,7.74,3.73,50,,,
m,4,8.72,8.59,725,9.18,4.74,56,,,
m,4,11.41,10.96,996,12.31,7.20,72,,,
m,4,11.11,16.15,1390,11.82,6.87,95,,,
m,4,9.87,9.81,886,10.55,5.75,76,,,
m,4,11.25,11.27,1091,12.15,6.90,68,,,
m,4,28.35,38.35,4822,31.81,23.41,224,,,
m,4,8.36,8.34,542,8.72,4.40,54,,,
m,4,10.25,20.19,2329,10.59,6.09,87,,,
m,4,14.13,20.13,1878,15.23,9.73,97,,,
m,4,14.76,18.39,1518,15.90,10.61,108,,,
m,4,11.98,19.03,1557,12.70,7.79,95,,,
m,4,15.84,26.10,2497,16.62,11.10,125,,,
m,4,26.12,43.37,4368,28.34,20.86,239,,,
m,4,11.22,11.29,1028,12.05,7.06,75,,,
m,4,11.89,12.91,1136,12.84,7.70,74,,,
m,4,10.56,11.26,975,11.26,6.43,83,,,
m,4,11.77,11.80,1154,12.69,7.54,82,,,
m,4,27.72,36.76,4132,31.11,23.05,238,,,
m,4,13.47,13.78,1380,14.64,9.14,81,,,
m,4,19.35,23.90,2460,20.95,15.36,165,,,
m,4,12.36,25.02,2894,12.88,8.09,124,,,
m,4,10.43,10.06,837,11.15,6.39,63,,,
m,4,10.40,10.68,980,11.13,6.30,75,,,
m,4,8.61,10.06,787,8.90,4.68,54,,,
m,4,7.19,6.56,479,7.28,3.43,42,,,
m,4,12.73,14.30,1329,13.74,8.54,83,,,
m,4,19.84,23.61,2631,21.68,15.93,140,,,
m,4,12.46,18.64,1918,13.32,8.07,117,,,
m,4,35.87,54.85,5258,40.24,31.61,327,,,
m,4,32.21,44.40,7017,36.76,27.34,306,,,
m,4,24.38,32.16,4549,27.49,19.30,212,,,
m,4,28.06,38.13,5088,31.73,22.90,272,,,
m,4,33.35,40.91,6368,38.55,25.72,274,,,
m,4,20.16,27.31,3341,22.55,16.30,184,,,
m,4,25.86,33.67,6054,29.63,19.09,217,,,
m,4,23.20,29.99,3903,26.29,18.10,173,,,
m,4,23.17,34.19,5436,26.23,17.56,183,,,
m,4,24.17,33.02,4536,28.01,19.77,202,,,
m,4,29.91,39.62,5190,34.20,24.56,253,,,
m,4,37.81,53.06,7796,43.88,31.43,337,,,
m,4,24.48,38.74,5522,27.57,18.74,222,,,
m,4,29.03,40.85,5264,30.76,22.03,262,,,
m,4,40.12,55.19,6482,45.69,34.04,421,,,
m,4,24.44,35.96,4542,26.87,18.94,208,,,
m,4,15.98,33.11,5925,19.47,16.96,177,,,
m,4,18.29,29.89,3690,21.66,15.76,155,,,
m,4,28.19,42.66,4935,31.89,24.59,296,,,
m,4,28.08,61.56,19415,31.73,24.19,311,,,
m,4,33.73,45.87,6903,37.60,26.75,285,,,
m,4,29.04,37.87,3516,32.54,24.30,232,,,
m,4,24.73,43.25,4994,26.44,19.95,239,,,
m,4,12.85,25.66,2616,12.88,8.83,118,,,
m,4,27.59,38.94,5679,30.68,22.66,229,,,
m,4,23.87,39.88,6288,27.93,22.32,192,,,
m,4,27.57,45.87,6184,30.90,22.12,237,,,
m,4,29.84,35.76,2651,31.45,22.74,245,,,
m,4,67.46,95.79,10155,76.39,58.64,574,,,
m,4,8.31,12.05,67,6.07,4.19,21,,,
m,4,25.63,41.23,4398,27.17,19.26,250,,,
m,4,22.09,37.95,5516,24.64,17.20,206,,,
m,4,17.51,25.91,4466,19.46,13.16,188,,,
m,4,24.72,45.22,5644,27.58,19.73,269,,,
m,4,20.24,29.23,4482,22.68,15.47,153,,,
m,4,26.82,171.97,54353,28.17,23.25,611,,,
m,4,24.82,38.89,6287,27.76,20.06,242,,,
m,4,19.04,54.49,18986,23.46,20.78,234,,,
m,4,33.35,52.14,6455,37.87,27.08,309,,,
m,4,22.81,31.30,4021,25.57,17.75,209,,,
m,4,21.02,30.67,3977,23.13,15.98,161,,,
m,4,25.60,39.33,4580,28.91,21.13,196,,,
m,4,36.12,49.68,5739,41.37,31.19,283,,,
m,4,34.55,50.43,5925,39.38,29.65,322,,,
m,5,21.15,28.60,3648,22.84,14.80,191,,,
m,5,23.26,32.84,4042,25.44,17.00,163,,,
m,5,21.84,29.19,4387,24.03,15.60,185,,,
m,5,17.21,127.00,42932,18.18,13.73,348,,,
m,5,27.04,35.13,4155,30.10,20.97,204,,,
m,5,23.15,27.29,2811,25.61,16.60,155,,,
m,5,37.74,49.05,4464,42.34,32.26,333,,,
m,5,25.53,30.69,3027,27.40,17.65,179,,,
m,5,13.30,21.24,2173,14.01,8.09,136,,,
m,5,25.59,31.01,2279,28.15,19.63,168,,,
m,5,15.13,21.27,3036,16.49,9.93,123,,,
m,5,23.69,33.46,3617,26.93,19.09,199,,,
m,5,27.48,54.97,9086,29.51,21.68,266,,,
m,5,20.31,36.39,6326,21.80,14.65,227,,,
m,5,23.47,28.04,2897,26.01,17.54,169,,,
m,5,29.84,36.80,3728,32.75,22.91,223,,,
m,5,40.46,55.89,4593,45.71,36.13,330,,,
m,5,25.30,31.93,3633,28.15,18.85,186,,,
m,5,34.31,42.22,5556,38.64,26.22,256,,,
m,5,26.96,89.28,28134,30.19,23.64,414,,,
m,5,29.27,38.22,2778,32.36,24.01,274,,,
m,5,16.66,25.88,3008,17.67,10.57,135,,,
m,5,23.49,27.15,2926,25.92,16.90,160,,,
m,5,32.78,52.54,7175,36.39,24.98,265,,,
m,5,23.63,86.14,26363,26.20,19.52,302,,,
m,5,24.70,34.20,4234,27.13,17.74,195,,,
m,5,23.75,35.04,6078,25.82,18.44,273,,,
m,5,23.84,31.23,3870,26.37,17.00,177,,,
m,5,42.31,84.87,10527,46.03,33.08,438,,,
m,5,31.74,50.46,5722,35.15,23.59,283,,,
m,5,22.18,37.61,4972,23.67,16.48,217,,,
m,5,34.34,44.43,7757,37.86,26.90,282,,,
m,5,19.45,25.33,3770,21.09,13.51,158,,,
m,5,27.66,36.12,3786,30.56,21.48,215,,,
m,5,29.63,37.67,4458,33.10,23.30,248,,,
m,5,21.10,33.27,5599,23.07,15.42,188,,,
m,5,27.02,37.91,4479,30.56,21.50,238,,,
m,5,20.71,57.49,9765,19.73,19.60,303,,,
m,5,42.58,84.11,9052,44.68,31.75,407,,,
m,5,33.54,49.88,5432,36.00,24.63,270,,,
m,5,29.65,38.92,4687,32.14,21.28,239,,,
m,5,39.07,78.26,8367,40.80,28.50,383,,,
m,5,18.71,27.16,3038,19.74,12.32,145,,,
m,5,25.86,34.24,3552,27.04,17.53,172,,,
m,5,30.88,39.74,3984,32.24,21.65,223,,,
m,5,17.21,28.09,5084,19.02,13.62,141,,,
m,5,30.65,43.49,4754,32.69,21.93,249,,,
m,5,20.31,30.34,3504,22.23,14.32,154,,,
m,5,18.55,26.30,2896,19.86,12.64,169,,,
m,5,23.79,108.06,40683,28.76,24.01,393,,,
m,5,20.76,116.36,42966,24.42,19.46,419,,,
m,5,37.40,55.72,5685,40.59,28.73,302,,,
m,5,34.36,45.48,4463,37.51,26.73,278,,,
m,5,37.25,50.46,5414,40.60,29.03,271,,,
m,5,35.96,48.33,4927,39.29,28.44,315,,,
m,5,29.78,130.85,44200,33.93,26.52,572,,,
m,5,19.06,143.67,42484,19.21,15.29,372,,,
m,5,26.64,36.76,5781,29.60,20.19,211,,,
m,5,17.90,121.84,42477,19.60,14.60,347,,,
m,5,29.66,38.81,3887,33.69,23.38,235,,,
m,5,37.41,51.56,6203,42.58,30.07,289,,,
m,5,36.20,50.65,5415,41.44,27.64,277,,,
m,5,28.51,37.54,4716,32.66,22.65,229,,,
m,5,30.94,44.77,6683,36.23,26.73,251,,,
m,5,25.81,35.97,5885,29.73,20.18,218,,,
m,5,29.68,320.35,94632,27.82,26.46,847,,,
m,5,23.39,32.71,5094,26.27,17.38,191,,,
m,5,28.34,60.18,8548,29.39,21.49,431,,,
m,5,40.73,55.56,7056,43.26,30.91,348,,,
m,5,36.82,45.05,5962,39.50,27.70,287,,,
m,5,46.24,66.89,7230,49.05,36.50,438,,,
m,5,30.95,38.64,4012,32.81,22.19,232,,,
m,5,41.40,52.33,6196,44.42,31.04,293,,,
m,5,47.64,61.94,9488,51.73,36.57,383,,,
m,5,22.88,28.37,2414,25.46,17.25,172,,,
m,5,27.72,34.45,2613,30.66,22.33,202,,,
m,5,34.90,42.06,5416,38.92,27.77,257,,,
m,5,29.84,38.12,2738,33.20,24.88,271,,,
m,5,33.05,42.45,3470,36.88,26.79,315,,,
m,5,25.87,31.73,2110,28.27,19.85,153,,,
m,5,26.80,30.62,4297,29.34,18.01,241,,,
m,5,21.65,24.23,2483,23.83,16.19,169,,,
m,5,18.84,21.10,2366,20.73,13.07,139,,,
m,5,22.39,30.62,2757,24.75,17.28,190,,,
m,5,25.74,30.65,4030,28.38,18.56,166,,,
m,5,22.48,28.80,2424,24.78,17.35,185,,,
m,5,23.36,29.89,3551,26.05,16.77,201,,,
m,5,24.70,31.25,4039,27.63,17.74,195,,,
m,5,23.12,27.69,2947,25.72,17.02,174,,,
m,5,21.54,32.80,5723,25.04,19.00,184,,,
m,5,25.88,37.29,5207,27.83,20.40,228,,,
m,5,23.64,29.27,2136,26.25,18.61,196,,,
m,5,28.29,34.80,3679,31.42,22.09,232,,,
m,5,30.49,38.30,4870,33.82,23.45,226,,,
m,5,30.18,37.16,2913,33.63,23.90,244,,,
m,5,24.70,29.98,2258,27.48,19.17,167,,,
m,5,30.16,40.45,5173,33.49,23.41,265,,,
m,5,23.92,30.81,3871,26.39,17.44,206,,,
m,5,32.08,41.48,3854,35.60,25.56,260,,,
m,5,39.79,49.07,6986,45.68,32.00,301,,,
m,5,27.28,39.25,5501,30.87,20.53,240,,,
m,5,35.64,60.93,6092,39.34,29.20,320,,,
m,5,37.84,51.37,8246,43.52,29.54,396,,,
m,5,12.37,12.05,1017,13.26,7.07,85,,,
m,5,14.10,15.70,1469,15.27,8.56,99,,,
m,5,14.78,26.80,3515,15.74,9.40,129,,,
m,5,9.74,22.60,2186,9.46,4.74,93,,,
m,5,9.85,24.63,2597,9.55,4.92,91,,,
m,5,13.30,17.73,1598,14.12,8.00,90,,,
m,5,11.35,13.33,1047,11.93,6.10,73,,,
m,5,15.31,17.64,1638,16.53,9.99,105,,,
m,5,12.97,13.73,1175,13.98,7.58,91,,,
m,5,11.63,11.75,998,12.32,6.45,74,,,
m,5,21.89,37.51,5129,24.87,17.62,197,,,
m,5,11.45,10.45,889,12.21,6.19,65,,,
m,5,12.97,35.59,3947,13.21,7.73,152,,,
m,5,13.04,29.06,3251,13.52,7.63,109,,,
m,5,23.64,29.07,2749,25.82,18.84,214,,,
m,5,25.63,38.56,4087,27.71,21.00,207,,,
m,5,9.26,11.15,961,9.31,4.36,71,,,
m,5,14.40,19.04,1534,15.40,9.06,117,,,
m,5,10.31,9.15,776,10.79,5.20,62,,,
m,5,10.57,10.74,833,11.12,5.59,61,,,
m,5,37.11,51.75,5256,40.73,33.95,288,,,
m,5,8.46,12.32,811,8.23,3.86,57,,,
m,5,17.54,20.81,1548,19.06,11.91,123,,,
m,5,19.52,40.49,3523,20.47,13.06,192,,,
m,5,10.13,84.99,5471,8.20,5.76,201,,,
m,5,21.65,30.13,3362,23.75,14.96,194,,,
m,5,29.04,46.88,5184,32.13,21.18,259,,,
m,5,20.36,26.23,3856,22.58,14.10,167,,,
m,5,27.50,54.17,5633,29.93,19.68,273,,,
m,5,33.50,50.12,5569,37.35,27.24,335,,,
m,5,10.17,92.68,5947,7.27,5.48,211,,,
m,5,17.55,19.81,2888,19.00,11.88,114,,,
m,5,12.66,49.74,18411,14.32,9.91,176,,,
m,5,10.05,56.88,7452,9.63,5.89,173,,,
m,5,8.85,40.68,2293,7.63,4.63,131,,,
m,5,8.03,32.78,6598,7.75,4.24,104,,,
m,5,10.27,23.91,2921,10.52,5.67,104,,,
m,5,16.40,26.97,3114,17.56,11.61,161,,,
m,5,34.83,48.44,5111,38.88,28.20,286,,,
m,5,30.19,43.85,5819,34.13,22.08,236,,,
m,5,39.02,50.70,8025,43.61,31.49,337,,,
m,5,20.53,27.68,3401,21.34,14.21,203,,,
m,5,29.06,43.86,5723,31.25,23.46,236,,,
m,5,11.95,12.27,892,12.74,6.57,75,,,
m,5,25.87,33.77,2842,28.35,20.57,200,,,
m,5,14.86,15.91,1356,16.08,9.41,85,,,
m,5,12.61,12.30,1158,13.56,7.12,76,,,
m,5,12.11,12.88,1001,12.88,6.81,66,,,
m,5,32.29,58.09,7401,36.02,25.92,307,,,
m,5,13.58,17.46,1571,14.48,8.21,85,,,
m,5,14.80,16.35,1374,16.03,9.19,91,,,
m,5,19.44,22.83,2079,21.24,13.87,161,,,
m,5,11.79,12.38,1053,12.51,6.54,77,,,
m,5,16.12,18.02,1329,17.48,10.65,110,,,
m,5,14.69,16.46,1311,15.89,9.12,87,,,
m,5,10.81,10.66,803,11.40,5.66,66,,,
m,5,12.61,13.94,1164,13.53,7.30,85,,,
m,5,10.68,10.66,754,11.21,5.60,77,,,
m,5,10.30,12.68,927,10.52,5.17,65,,,
m,5,24.39,29.98,4232,27.15,18.05,208,,,
m,5,21.69,30.36,2766,23.46,15.89,152,,,
m,5,18.23,20.61,1860,19.82,12.64,107,,,
m,5,15.81,16.28,1482,17.27,10.33,105,,,
m,5,11.13,14.76,1408,11.57,5.81,84,,,
m,5,18.84,22.83,1808,19.96,12.44,151,,,
m,5,13.90,14.98,1216,15.02,8.36,97,,,
m,5,10.16,8.83,774,10.64,5.06,72,,,
m,5,16.51,19.77,1815,17.94,10.55,109,,,
m,5,12.24,18.04,1395,12.79,6.85,99,,,
m,5,18.57,22.10,2160,20.15,12.96,119,,,
m,5,30.84,54.44,5751,33.91,24.14,287,,,
m,5,13.99,15.78,1340,15.07,8.60,114,,,
m,5,19.74,24.18,1787,21.46,13.89,136,,,
m,5,17.03,21.94,1620,18.38,11.17,127,,,
m,5,13.06,14.05,1252,14.00,7.64,81,,,
m,5,8.60,8.16,466,8.58,3.68,50,,,
m,5,9.68,9.13,725,10.03,4.67,56,,,
m,5,12.41,11.32,996,13.35,7.14,72,,,
m,5,12.13,17.02,1390,12.76,6.74,86,,,
m,5,10.81,10.26,886,11.43,5.66,66,,,
m,5,12.21,11.66,1091,13.12,6.81,68,,,
m,5,29.79,39.00,4822,33.25,23.24,224,,,
m,5,9.32,8.93,542,9.50,4.34,63,,,
m,5,11.31,21.65,2329,11.50,6.06,98,,,
m,5,15.26,20.92,1878,16.39,9.56,97,,,
m,5,16.01,19.04,1518,17.25,10.48,119,,,
m,5,13.05,20.02,1557,13.75,7.70,97,,,
m,5,17.11,27.16,2497,17.94,10.94,125,,,
m,5,27.53,44.36,4368,29.67,20.70,239,,,
m,5,12.25,11.71,1028,13.10,6.96,75,,,
m,5,12.92,13.39,1136,13.89,7.56,76,,,
m,5,11.55,11.77,975,12.21,6.34,83,,,
m,5,12.80,12.19,1154,13.77,7.45,82,,,
m,5,29.10,37.36,4132,32.51,22.92,238,,,
m,5,14.54,14.14,1380,15.78,8.98,81,,,
m,5,20.88,24.54,2460,22.69,15.22,165,,,
m,5,13.50,26.47,2894,13.97,8.03,124,,,
m,5,11.45,10.47,837,12.15,6.31,63,,,
m,5,11.41,11.16,980,12.10,6.23,75,,,
m,5,9.63,10.85,787,9.77,4.62,54,,,
m,5,8.23,7.25,479,8.16,3.43,49,,,
m,5,13.83,14.81,1329,14.87,8.42,83,,,
m,5,21.43,24.20,2631,23.47,15.75,140,,,
m,5,13.50,19.50,1918,14.34,7.92,92,,,
m,5,37.95,55.99,5258,42.14,31.45,327,,,
m,5,34.03,45.21,7017,38.61,27.12,306,,,
m,5,25.61,32.71,4549,28.81,19.20,185,,,
m,5,29.42,38.75,5088,33.13,22.70,272,,,
m,5,34.52,41.28,6368,39.57,25.46,274,,,
m,5,21.36,27.94,3341,23.79,16.22,184,,,
m,5,26.68,34.03,6054,30.38,18.90,217,,,
m,5,24.22,30.44,3903,27.29,17.95,173,,,
m,5,24.19,34.79,5436,27.22,17.35,196,,,
m,5,25.62,33.72,4536,29.27,19.55,202,,,
m,5,31.11,40.12,5190,35.31,24.36,253,,,
m,5,39.32,53.74,7796,45.10,31.19,337,,,
m,5,25.50,39.41,5522,28.54,18.56,225,,,
m,5,30.68,41.65,5264,32.32,21.78,262,,,
m,5,42.04,55.99,6482,47.30,33.79,421,,,
m,5,25.68,36.67,4542,28.06,18.74,208,,,
m,5,17.96,35.36,5925,21.48,17.22,177,,,
m,5,19.69,30.96,3690,22.89,15.68,180,,,
m,5,30.16,43.78,4935,33.59,24.48,296,,,
m,5,30.19,63.76,19415,33.84,23.89,313,,,
m,5,35.48,46.61,6903,39.25,26.44,285,,,
m,5,30.53,38.47,3516,34.12,24.30,232,,,
m,5,26.72,44.78,4994,28.19,19.68,239,,,
m,5,13.98,27.04,2616,13.88,8.86,136,,,
m,5,29.29,39.79,5679,32.31,22.49,229,,,
m,5,26.28,41.59,6288,30.13,22.36,205,,,
m,5,28.90,46.79,6184,32.18,21.92,245,,,
m,5,31.26,36.20,2651,32.71,22.52,245,,,
m,5,71.93,97.57,10155,78.28,58.31,674,,,
m,5,12.00,15.49,67,7.86,3.83,17,,,
m,5,26.91,42.09,4398,28.35,19.04,250,,,
m,5,23.23,38.85,5516,25.72,17.06,206,,,
m,5,18.50,26.57,4466,20.43,13.08,188,,,
m,5,25.95,46.26,5644,28.78,19.55,269,,,
m,5,21.29,29.86,4482,23.70,15.38,153,,,
m,5,28.20,176.99,54353,29.44,23.57,611,,,
m,5,26.02,39.66,6287,28.99,19.95,242,,,
m,5,20.53,56.90,18986,24.97,20.97,234,,,
m,5,34.74,52.96,6455,39.10,26.82,309,,,
m,5,23.91,31.86,4021,26.67,17.59,209,,,
m,5,22.15,31.35,3977,24.23,15.83,161,,,
m,5,26.88,40.12,4580,30.18,20.99,242,,,
m,5,37.73,50.38,5739,42.84,31.01,283,,,
m,5,36.07,51.20,5925,40.77,29.48,322,,,
m,6,22.10,29.15,3648,23.78,14.71,192,,,
m,6,24.23,33.42,4042,26.41,16.92,198,,,
m,6,22.75,29.69,4387,24.92,15.52,185,,,
m,6,18.21,132.07,42932,19.09,13.84,348,,,
m,6,28.07,35.62,4155,31.19,20.87,204,,,
m,6,24.09,27.66,2811,26.55,16.45,155,,,
m,6,39.19,49.63,4464,43.83,32.17,333,,,
m,6,26.44,31.05,3027,28.28,17.44,179,,,
m,6,14.25,22.23,2173,14.83,8.02,136,,,
m,6,26.65,31.43,2279,29.25,19.51,168,,,
m,6,16.11,22.03,3036,17.32,9.84,123,,,
m,6,25.04,34.26,3617,28.11,18.93,199,,,
m,6,28.70,56.18,9086,30.71,21.56,266,,,
m,6,21.30,37.33,6326,22.73,14.60,227,,,
m,6,24.45,28.44,2897,27.05,17.43,220,,,
m,6,30.96,37.23,3728,33.90,22.79,296,,,
m,6,42.15,56.66,4593,47.35,35.99,330,,,
m,6,26.30,32.38,3633,29.17,18.68,186,,,
m,6,35.40,42.61,5556,39.75,26.03,272,,,
m,6,28.09,91.42,28134,31.38,23.62,414,,,
m,6,30.51,38.78,2778,33.66,23.98,274,,,
m,6,17.51,26.60,3008,18.42,10.48,135,,,
m,6,24.43,27.50,2926,26.93,16.82,160,,,
m,6,33.96,53.32,7175,37.56,24.74,265,,,
m,6,24.66,88.36,26363,27.28,19.56,446,,,
m,6,25.62,34.71,4234,28.05,17.56,195,,,
m,6,25.26,36.00,6078,27.55,18.32,273,,,
m,6,24.71,31.67,3870,27.24,16.85,177,,,
m,6,43.60,86.03,10527,47.14,32.88,438,,,
m,6,32.76,51.14,5722,36.15,23.38,283,,,
m,6,23.27,38.53,4972,24.71,16.39,235,,,
m,6,35.55,44.93,7757,39.04,26.73,282,,,
m,6,20.35,25.84,3770,21.96,13.46,163,,,
m,6,28.79,36.65,3786,31.77,21.35,215,,,
m,6,30.80,38.16,4458,34.37,23.18,248,,,
m,6,22.05,34.00,5599,23.98,15.43,214,,,
m,6,28.31,38.62,4479,31.75,21.38,238,,,
m,6,22.28,60.07,9765,21.25,20.68,340,,,
m,6,44.06,85.41,9052,45.90,31.50,440,,,
m,6,34.76,50.58,5432,37.16,24.38,270,,,
m,6,30.71,39.41,4687,33.16,21.02,246,,,
m,6,40.39,79.48,8367,41.90,28.25,383,,,
m,6,19.77,27.91,3038,20.58,12.15,145,,,
m,6,26.85,34.73,3552,27.99,17.33,172,,,
m,6,31.96,40.20,3984,33.25,21.44,223,,,
m,6,18.84,29.53,5084,20.38,13.50,158,,,
m,6,32.41,44.42,4754,34.24,21.53,249,,,
m,6,21.46,31.15,3504,23.18,14.13,150,,,
m,6,19.69,27.07,2896,20.75,12.49,169,,,
m,6,25.49,112.68,40683,30.33,24.17,393,,,
m,6,22.17,121.34,42966,25.70,19.52,419,,,
m,6,38.75,56.46,5685,41.89,28.48,302,,,
m,6,35.61,46.03,4463,38.75,26.53,278,,,
m,6,38.58,51.05,5414,41.92,28.86,305,,,
m,6,37.30,48.93,4927,40.63,28.27,315,,,
m,6,30.94,133.78,44200,35.16,26.59,785,,,
m,6,20.12,148.90,42484,20.12,15.49,372,,,
m,6,27.72,37.34,5781,30.76,20.06,211,,,
m,6,18.84,126.12,42477,20.52,14.71,347,,,
m,6,30.72,39.29,3887,34.74,23.22,299,,,
m,6,38.55,52.10,6203,43.64,29.87,289,,,
m,6,37.47,51.27,5415,42.51,27.34,277,,,
m,6,29.80,38.13,4716,33.81,22.44,229,,,
m,6,32.52,45.64,6683,37.56,26.69,251,,,
m,6,27.09,36.68,5885,30.86,20.01,218,,,
m,6,31.15,329.65,94632,29.08,27.41,847,,,
m,6,24.36,33.28,5094,27.25,17.26,191,,,
m,6,29.58,61.51,8548,30.55,21.42,431,,,
m,6,42.33,56.26,7056,44.72,30.63,348,,,
m,6,38.19,45.51,5962,40.82,27.52,328,,,
m,6,47.99,67.74,7230,50.59,36.31,438,,,
m,6,32.04,39.07,4012,33.85,21.97,232,,,
m,6,42.55,52.74,6196,45.49,30.90,364,,,
m,6,49.30,62.55,9488,53.28,36.26,383,,,
m,6,23.95,28.86,2414,26.53,17.11,172,,,
m,6,28.96,34.96,2613,32.01,22.28,227,,,
m,6,36.00,42.43,5416,40.05,27.60,257,,,
m,6,31.18,38.69,2738,34.64,24.81,271,,,
m,6,34.35,42.99,3470,38.22,26.65,315,,,
m,6,27.02,32.20,2110,29.46,19.72,153,,,
m,6,27.62,30.89,4297,30.14,17.80,241,,,
m,6,22.70,24.61,2483,24.94,16.08,169,,,
m,6,19.76,21.48,2366,21.67,12.92,130,,,
m,6,23.49,31.25,2757,25.86,17.16,190,,,
m,6,26.69,31.01,4030,29.29,18.39,166,,,
m,6,23.59,29.35,2424,25.95,17.26,185,,,
m,6,24.30,30.35,3551,27.01,16.57,201,,,
m,6,25.64,31.69,4039,28.56,17.55,195,,,
m,6,24.10,28.09,2947,26.74,16.88,174,,,
m,6,23.10,33.90,5723,26.44,19.03,190,,,
m,6,26.98,37.94,5207,28.91,20.33,228,,,
m,6,24.78,29.78,2136,27.47,18.54,196,,,
m,6,29.36,35.22,3679,32.57,22.03,232,,,
m,6,31.57,38.73,4870,34.96,23.34,226,,,
m,6,31.37,37.61,2913,34.86,23.75,244,,,
m,6,25.82,30.44,2258,28.66,19.08,169,,,
m,6,31.19,40.94,5173,34.56,23.29,265,,,
m,6,24.83,31.26,3871,27.33,17.32,206,,,
m,6,33.24,41.96,3854,36.79,25.44,260,,,
m,6,41.06,49.50,6986,47.01,31.83,330,,,
m,6,28.24,39.80,5501,31.83,20.35,240,,,
m,6,37.09,61.98,6092,40.76,29.02,320,,,
m,6,38.97,51.88,8246,44.63,29.33,396,,,
m,6,13.32,12.49,1017,14.13,6.95,85,,,
m,6,15.05,16.21,1469,16.19,8.43,101,,,
m,6,15.83,28.00,3515,16.75,9.29,129,,,
m,6,10.86,25.00,2186,10.30,4.81,93,,,
m,6,10.99,27.24,2597,10.41,5.09,99,,,
m,6,14.33,18.54,1598,15.09,7.90,90,,,
m,6,12.31,14.06,1047,12.74,5.99,73,,,
m,6,16.39,18.21,1638,17.64,9.85,105,,,
m,6,13.90,14.22,1175,14.83,7.45,91,,,
m,6,12.59,12.28,998,13.18,6.37,74,,,
m,6,23.75,39.08,5129,26.48,17.37,192,,,
m,6,12.37,10.87,889,13.01,6.09,71,,,
m,6,14.03,37.74,3947,14.09,7.73,152,,,
m,6,14.04,30.67,3251,14.37,7.60,109,,,
m,6,25.19,29.73,2749,27.57,18.73,214,,,
m,6,27.35,39.65,4087,29.59,20.88,218,,,
m,6,10.29,12.21,961,10.14,4.34,71,,,
m,6,15.46,19.81,1534,16.44,8.96,117,,,
m,6,11.27,9.63,776,11.59,5.11,62,,,
m,6,11.52,11.35,833,11.92,5.56,78,,,
m,6,39.37,52.81,5256,43.26,33.87,327,,,
m,6,9.63,14.06,811,9.19,4.08,75,,,
m,6,18.69,21.38,1548,20.28,11.72,123,,,
m,6,20.74,41.93,3523,21.37,12.92,241,,,
m,6,12.43,102.13,5471,9.38,7.07,203,,,
m,6,22.47,30.63,3362,24.55,14.84,194,,,
m,6,29.97,47.54,5184,33.05,20.99,259,,,
m,6,21.37,26.76,3856,23.46,13.93,167,,,
m,6,28.50,55.15,5633,30.90,19.49,273,,,
m,6,34.95,50.95,5569,38.79,27.06,335,,,
m,6,13.31,117.45,5947,8.54,7.23,212,,,
m,6,18.54,20.25,2888,20.01,11.85,120,,,
m,6,13.79,53.18,18411,15.27,10.05,176,,,
m,6,11.44,64.15,7452,10.55,6.25,179,,,
m,6,10.51,48.54,2293,8.70,5.58,150,,,
m,6,9.44,39.64,6598,8.80,5.07,137,,,
m,6,11.46,26.31,2921,11.33,5.67,108,,,
m,6,17.50,28.00,3114,18.63,11.59,161,,,
m,6,36.09,49.06,5111,40.13,28.07,286,,,
m,6,32.10,44.91,5819,35.49,21.66,240,,,
m,6,40.75,51.37,8025,45.39,31.20,337,,,
m,6,21.65,28.34,3401,22.35,14.08,153,,,
m,6,31.25,45.18,5723,33.16,23.20,253,,,
m,6,12.88,12.79,892,13.58,6.45,79,,,
m,6,27.47,34.53,2842,30.19,20.41,207,,,
m,6,15.89,16.39,1356,17.16,9.31,109,,,
m,6,13.52,12.71,1158,14.39,6.99,76,,,
m,6,13.06,13.43,1001,13.72,6.71,74,,,
m,6,33.52,59.09,7401,37.22,25.75,307,,,
m,6,14.60,18.20,1571,15.43,8.08,85,,,
m,6,15.79,16.84,1374,17.03,9.06,114,,,
m,6,20.67,23.37,2079,22.58,13.66,161,,,
m,6,12.73,12.93,1053,13.34,6.45,98,,,
m,6,17.18,18.51,1329,18.60,10.51,110,,,
m,6,15.68,16.97,1311,16.90,8.98,87,,,
m,6,11.76,11.22,803,12.21,5.58,72,,,
m,6,13.56,14.50,1164,14.41,7.18,85,,,
m,6,11.64,11.25,754,12.04,5.55,77,,,
m,6,11.30,13.59,927,11.33,5.11,65,,,
m,6,25.32,30.39,4232,28.13,17.96,208,,,
m,6,23.07,31.20,2766,24.99,15.68,152,,,
m,6,19.42,21.11,1860,21.13,12.47,107,,,
m,6,16.85,16.68,1482,18.38,10.17,105,,,
m,6,12.08,15.65,1408,12.33,5.71,84,,,
m,6,20.00,23.40,1808,21.17,12.23,151,,,
m,6,14.86,15.46,1216,15.97,8.23,103,,,
m,6,11.08,9.29,774,11.42,4.97,72,,,
m,6,17.53,20.32,1815,18.97,10.37,100,,,
m,6,13.21,19.00,1395,13.61,6.83,145,,,
m,6,19.77,22.67,2160,21.47,12.79,119,,,
m,6,32.04,55.40,5751,35.09,23.99,315,,,
m,6,14.98,16.32,1340,16.03,8.48,114,,,
m,6,21.00,24.79,1787,22.81,13.67,136,,,
m,6,18.12,22.60,1620,19.51,10.97,127,,,
m,6,14.02,14.57,1252,14.92,7.54,84,,,
m,6,9.63,8.99,466,9.41,3.63,50,,,
m,6,10.60,9.73,725,10.82,4.68,68,,,
m,6,13.35,11.68,996,14.21,7.00,72,,,
m,6,13.07,17.90,1390,13.56,6.63,86,,,
m,6,11.72,10.75,886,12.21,5.59,66,,,
m,6,13.13,12.08,1091,13.96,6.70,69,,,
m,6,30.92,39.51,4822,34.42,23.10,224,,,
m,6,10.28,9.61,542,10.25,4.25,63,,,
m,6,12.32,23.16,2329,12.30,5.99,98,,,
m,6,16.24,21.65,1878,17.34,9.42,113,,,
m,6,17.10,19.63,1518,18.38,10.34,133,,,
m,6,14.05,21.02,1557,14.63,7.60,96,,,
m,6,18.19,28.09,2497,19.02,10.82,155,,,
m,6,28.66,45.16,4368,30.74,20.55,239,,,
m,6,13.21,12.14,1028,14.00,6.87,75,,,
m,6,13.88,13.87,1136,14.78,7.42,76,,,
m,6,12.51,12.32,975,13.05,6.25,83,,,
m,6,13.74,12.59,1154,14.66,7.35,96,,,
m,6,30.25,37.86,4132,33.71,22.82,238,,,
m,6,15.51,14.50,1380,16.78,8.86,81,,,
m,6,22.22,25.10,2460,24.19,15.02,165,,,
m,6,14.53,27.85,2894,14.92,7.98,142,,,
m,6,12.41,10.91,837,13.04,6.24,65,,,
m,6,12.37,11.67,980,12.96,6.15,75,,,
m,6,10.63,11.73,787,10.58,4.58,56,,,
m,6,9.28,8.08,479,9.05,3.43,49,,,
m,6,14.83,15.31,1329,15.83,8.30,83,,,
m,6,22.77,24.69,2631,24.99,15.56,153,,,
m,6,14.45,20.35,1918,15.21,7.77,92,,,
m,6,39.47,56.81,5258,43.62,31.31,327,,,
m,6,35.29,45.77,7017,39.94,26.94,306,,,
m,6,26.57,33.16,4549,29.80,19.04,182,,,
m,6,30.50,39.24,5088,34.27,22.54,272,,,
m,6,35.43,41.58,6368,40.46,25.21,274,,,
m,6,22.39,28.49,3341,24.86,16.14,184,,,
m,6,27.43,34.36,6054,31.11,18.76,217,,,
m,6,25.14,30.87,3903,28.23,17.79,212,,,
m,6,25.05,35.31,5436,28.09,17.19,196,,,
m,6,26.75,34.28,4536,30.32,19.34,202,,,
m,6,32.12,40.55,5190,36.34,24.20,253,,,
m,6,40.50,54.27,7796,46.25,30.93,346,,,
m,6,26.41,40.04,5522,29.44,18.44,225,,,
m,6,31.86,42.22,5264,33.47,21.60,264,,,
m,6,43.42,56.56,6482,48.61,33.57,421,,,
m,6,26.72,37.28,4542,29.07,18.59,208,,,
m,6,19.82,37.44,5925,23.25,17.33,179,,,
m,6,20.96,31.95,3690,23.95,15.63,180,,,
m,6,31.72,44.65,4935,34.99,24.40,296,,,
m,6,31.61,65.25,19415,35.26,23.65,313,,,
m,6,36.65,47.10,6903,40.38,26.22,285,,,
m,6,31.68,38.93,3516,35.31,24.21,232,,,
m,6,28.25,45.94,4994,29.58,19.45,239,,,
m,6,15.07,28.44,2616,14.84,8.89,136,,,
m,6,30.53,40.40,5679,33.57,22.36,229,,,
m,6,28.25,42.94,6288,31.86,22.28,246,,,
m,6,29.92,47.52,6184,33.17,21.77,231,,,
m,6,32.48,36.58,2651,33.86,22.30,245,,,
m,6,74.67,98.58,10155,79.83,58.03,674,,,
m,6,13.91,16.98,67,11.00,8.80,32,,,
m,6,28.00,42.83,4398,29.40,18.85,250,,,
m,6,24.16,39.60,5516,26.63,16.99,206,,,
m,6,19.39,27.20,4466,21.29,13.03,188,,,
m,6,26.93,47.10,5644,29.71,19.38,269,,,
m,6,22.19,30.41,4482,24.56,15.30,171,,,
m,6,29.32,181.14,54353,30.46,23.71,611,,,
m,6,26.98,40.30,6287,29.97,19.79,242,,,
m,6,21.91,59.18,18986,26.35,21.15,268,,,
m,6,35.82,53.60,6455,40.15,26.60,309,,,
m,6,24.84,32.35,4021,27.63,17.48,231,,,
m,6,23.10,31.93,3977,25.17,15.73,171,,,
m,6,27.92,40.77,4580,31.21,20.82,242,,,
m,6,38.96,50.90,5739,44.07,30.85,283,,,
m,6,37.26,51.80,5925,41.96,29.30,322,,,
m,7,23.01,29.70,3648,24.66,14.59,192,,,
m,7,25.15,34.00,4042,27.33,16.82,198,,,
m,7,23.59,30.19,4387,25.73,15.41,185,,,
m,7,19.22,137.37,42932,20.00,13.99,394,,,
m,7,29.02,36.07,4155,32.20,20.78,220,,,
m,7,24.97,28.03,2811,27.46,16.32,157,,,
m,7,40.45,50.13,4464,45.14,32.04,333,,,
m,7,27.29,31.41,3027,29.13,17.27,179,,,
m,7,15.21,23.30,2173,15.62,7.98,136,,,
m,7,27.66,31.85,2279,30.33,19.39,180,,,
m,7,17.05,22.80,3036,18.11,9.74,125,,,
m,7,26.24,34.97,3617,29.18,18.74,199,,,
m,7,29.86,57.36,9086,31.85,21.42,266,,,
m,7,22.23,38.25,6326,23.60,14.62,231,,,
m,7,25.36,28.82,2897,28.00,17.31,220,,,
m,7,31.97,37.63,3728,34.94,22.67,296,,,
m,7,43.63,57.32,4593,48.87,35.84,330,,,
m,7,27.21,32.80,3633,30.11,18.50,194,,,
m,7,36.38,42.97,5556,40.77,25.82,272,,,
m,7,29.13,93.42,28134,32.46,23.56,414,,,
m,7,31.63,39.29,2778,34.83,23.87,274,,,
m,7,18.37,27.39,3008,19.16,10.40,135,,,
m,7,25.30,27.84,2926,27.81,16.69,160,,,
m,7,34.91,53.97,7175,38.47,24.55,265,,,
m,7,25.62,90.50,26363,28.28,19.55,446,,,
m,7,26.46,35.21,4234,28.90,17.40,239,,,
m,7,26.47,36.78,6078,28.90,18.19,273,,,
m,7,25.53,32.11,3870,28.06,16.70,177,,,
m,7,44.77,87.10,10527,48.22,32.71,438,,,
m,7,33.66,51.75,5722,37.03,23.18,283,,,
m,7,24.27,39.40,4972,25.69,16.31,217,,,
m,7,36.63,45.38,7757,40.14,26.56,295,,,
m,7,21.22,26.36,3770,22.78,13.38,165,,,
m,7,29.80,37.13,3786,32.83,21.22,298,,,
m,7,31.83,38.60,4458,35.46,23.05,248,,,
m,7,22.94,34.72,5599,24.80,15.32,229,,,
m,7,29.43,39.24,4479,32.75,21.24,238,,,
m,7,23.84,62.66,9765,22.75,21.87,340,,,
m,7,45.29,86.50,9052,47.01,31.31,469,,,
m,7,35.79,51.17,5432,38.17,24.20,289,,,
m,7,31.63,39.84,4687,34.07,20.84,255,,,
m,7,41.56,80.56,8367,42.95,28.06,383,,,
m,7,20.72,28.62,3038,21.34,12.01,145,,,
m,7,27.77,35.21,3552,28.86,17.15,194,,,
m,7,32.90,40.61,3984,34.14,21.27,256,,,
m,7,20.32,30.85,5084,21.61,13.36,164,,,
m,7,33.75,45.12,4754,35.46,21.21,249,,,
m,7,22.51,31.92,3504,24.03,14.02,174,,,
m,7,20.71,27.79,2896,21.54,12.37,169,,,
m,7,26.91,116.59,40683,31.62,24.22,426,,,
m,7,23.34,125.59,42966,26.76,19.54,419,,,
m,7,39.81,57.06,5685,42.90,28.28,302,,,
m,7,36.70,46.51,4463,39.84,26.35,278,,,
m,7,39.72,51.56,5414,43.06,28.68,305,,,
m,7,38.45,49.45,4927,41.78,28.09,315,,,
m,7,31.98,136.44,44200,36.28,26.59,785,,,
m,7,21.16,154.26,42484,21.03,15.83,507,,,
m,7,28.61,37.83,5781,31.68,19.92,246,,,
m,7,19.72,130.35,42477,21.36,14.81,347,,,
m,7,31.65,39.73,3887,35.70,23.04,299,,,
m,7,39.55,52.58,6203,44.63,29.67,289,,,
m,7,38.52,51.79,5415,43.45,27.08,277,,,
m,7,30.86,38.64,4716,34.79,22.26,229,,,
m,7,33.88,46.39,6683,38.73,26.64,274,,,
m,7,28.14,37.27,5885,31.81,19.86,228,,,
m,7,32.44,337.94,94632,30.15,27.87,847,,,
m,7,25.23,33.81,5094,28.12,17.13,209,,,
m,7,30.64,62.68,8548,31.54,21.41,431,,,
m,7,43.56,56.80,7056,45.90,30.44,348,,,
m,7,39.30,45.89,5962,41.91,27.34,347,,,
m,7,49.39,68.42,7230,51.87,36.10,438,,,
m,7,33.01,39.46,4012,34.78,21.80,232,,,
m,7,43.49,53.08,6196,46.38,30.75,364,,,
m,7,50.58,63.02,9488,54.51,36.02,408,,,
m,7,24.92,29.32,2414,27.51,16.98,172,,,
m,7,30.06,35.42,2613,33.23,22.24,227,,,
m,7,37.01,42.78,5416,41.11,27.49,257,,,
m,7,32.37,39.19,2738,35.94,24.73,271,,,
m,7,35.51,43.47,3470,39.46,26.52,315,,,
m,7,28.09,32.65,2110,30.56,19.58,153,,,
m,7,28.39,31.16,4297,30.90,17.60,241,,,
m,7,23.68,24.97,2483,26.00,16.02,179,,,
m,7,20.64,21.86,2366,22.56,12.82,130,,,
m,7,24.53,31.87,2757,26.93,17.05,190,,,
m,7,27.57,31.36,4030,30.17,18.25,166,,,
m,7,24.62,29.88,2424,27.02,17.17,185,,,
m,7,25.16,30.79,3551,27.90,16.44,201,,,
m,7,26.52,32.11,4039,29.47,17.36,195,,,
m,7,25.02,28.49,2947,27.69,16.75,174,,,
m,7,24.50,34.89,5723,27.72,19.12,190,,,
m,7,28.03,38.58,5207,29.97,20.33,228,,,
m,7,25.84,30.26,2136,28.57,18.43,196,,,
m,7,30.38,35.64,3679,33.67,21.95,232,,,
m,7,32.51,39.12,4870,35.92,23.18,226,,,
m,7,32.40,38.01,2913,35.97,23.62,244,,,
m,7,26.85,30.87,2258,29.76,18.97,183,,,
m,7,32.16,41.42,5173,35.56,23.15,265,,,
m,7,25.72,31.71,3871,28.23,17.20,206,,,
m,7,34.27,42.41,3854,37.89,25.34,260,,,
m,7,42.12,49.86,6986,48.10,31.62,330,,,
m,7,29.09,40.31,5501,32.67,20.22,240,,,
m,7,38.31,62.87,6092,41.97,28.87,320,,,
m,7,39.96,52.33,8246,45.62,29.12,396,,,
m,7,14.23,12.96,1017,14.94,6.89,94,,,
m,7,15.94,16.72,1469,16.99,8.29,101,,,
m,7,16.81,29.18,3515,17.62,9.19,129,,,
m,7,12.03,27.72,2186,11.14,4.96,108,,,
m,7,12.16,30.16,2597,11.25,5.26,99,,,
m,7,15.33,19.38,1598,15.96,7.81,104,,,
m,7,13.28,14.86,1047,13.48,5.88,73,,,
m,7,17.37,18.75,1638,18.62,9.73,123,,,
m,7,14.80,14.74,1175,15.58,7.37,91,,,
m,7,13.53,12.86,998,13.95,6.28,74,,,
m,7,25.33,40.41,5129,27.75,17.11,192,,,
m,7,13.28,11.33,889,13.77,6.04,98,,,
m,7,15.07,40.00,3947,14.89,7.78,152,,,
m,7,15.03,32.37,3251,15.15,7.55,143,,,
m,7,26.54,30.30,2749,29.09,18.56,214,,,
m,7,28.84,40.59,4087,31.25,20.70,218,,,
m,7,11.35,13.43,961,10.98,4.35,71,,,
m,7,16.44,20.56,1534,17.36,8.88,133,,,
m,7,12.18,10.16,776,12.33,5.04,77,,,
m,7,12.46,12.03,833,12.67,5.47,73,,,
m,7,41.38,53.72,5256,45.50,33.66,327,,,
m,7,10.90,16.14,811,10.23,4.46,75,,,
m,7,19.72,21.91,1548,21.34,11.55,123,,,
m,7,21.80,43.22,3523,22.17,12.80,241,,,
m,7,15.15,121.75,5471,10.58,8.67,274,,,
m,7,23.28,31.14,3362,25.29,14.70,194,,,
m,7,30.81,48.15,5184,33.87,20.84,259,,,
m,7,22.24,27.25,3856,24.23,13.81,167,,,
m,7,29.34,56.00,5633,31.71,19.30,273,,,
m,7,36.12,51.64,5569,39.98,26.89,335,,,
m,7,17.40,146.50,5947,9.99,9.46,310,,,
m,7,19.46,20.68,2888,20.88,11.77,119,,,
m,7,14.92,56.81,18411,16.20,10.20,176,,,
m,7,12.87,72.04,7452,11.46,6.74,196,,,
m,7,12.44,57.90,2293,9.86,6.95,183,,,
m,7,11.07,48.02,6598,9.92,6.12,174,,,
m,7,12.59,28.80,2921,12.14,5.77,124,,,
m,7,18.55,29.03,3114,19.60,11.64,161,,,
m,7,37.19,49.60,5111,41.26,27.93,286,,,
m,7,33.62,45.74,5819,36.49,21.23,240,,,
m,7,42.08,51.89,8025,46.78,30.95,337,,,
m,7,22.67,28.96,3401,23.29,13.98,174,,,
m,7,32.95,46.19,5723,34.65,22.93,248,,,
m,7,13.78,13.34,892,14.31,6.33,79,,,
m,7,28.86,35.18,2842,31.76,20.15,207,,,
m,7,16.86,16.86,1356,18.09,9.16,109,,,
m,7,14.38,13.15,1158,15.11,6.89,76,,,
m,7,13.98,14.03,1001,14.52,6.64,74,,,
m,7,34.58,59.97,7401,38.26,25.63,318,,,
m,7,15.55,18.94,1571,16.28,8.01,112,,,
m,7,16.71,17.33,1374,17.90,8.96,114,,,
m,7,21.76,23.87,2079,23.75,13.49,161,,,
m,7,13.64,13.53,1053,14.10,6.37,98,,,
m,7,18.14,18.99,1329,19.58,10.36,110,,,
m,7,16.60,17.48,1311,17.75,8.88,102,,,
m,7,12.71,11.84,803,12.94,5.49,72,,,
m,7,14.51,15.12,1164,15.23,7.09,85,,,
m,7,12.58,11.89,754,12.78,5.44,77,,,
m,7,12.27,14.57,927,12.09,5.07,70,,,
m,7,26.19,30.78,4232,29.00,17.84,208,,,
m,7,24.23,31.91,2766,26.25,15.45,152,,,
m,7,20.46,21.57,1860,22.23,12.29,122,,,
m,7,17.78,17.06,1482,19.29,10.00,106,,,
m,7,13.03,16.62,1408,13.06,5.65,107,,,
m,7,21.00,23.91,1808,22.18,12.02,135,,,
m,7,15.78,15.96,1216,16.79,8.11,103,,,
m,7,12.00,9.82,774,12.14,4.90,72,,,
m,7,18.45,20.83,1815,19.82,10.19,100,,,
m,7,14.18,20.04,1395,14.37,6.79,145,,,
m,7,20.82,23.19,2160,22.58,12.61,119,,,
m,7,33.06,56.23,5751,36.09,23.86,315,,,
m,7,15.92,16.89,1340,16.92,8.41,114,,,
m,7,22.08,25.33,1787,23.95,13.49,155,,,
m,7,19.13,23.24,1620,20.51,10.80,127,,,
m,7,14.92,15.11,1252,15.70,7.44,92,,,
m,7,10.63,9.92,466,10.23,3.66,65,,,
m,7,11.56,10.43,725,11.59,4.61,68,,,
m,7,14.26,12.08,996,15.03,6.93,72,,,
m,7,14.04,18.88,1390,14.33,6.59,116,,,
m,7,12.66,11.33,886,12.96,5.50,75,,,
m,7,14.00,12.52,1091,14.69,6.62,87,,,
m,7,31.89,39.95,4822,35.44,23.00,224,,,
m,7,11.27,10.41,542,11.04,4.20,63,,,
m,7,13.35,24.83,2329,13.09,6.07,109,,,
m,7,17.18,22.38,1878,18.21,9.30,106,,,
m,7,18.07,20.18,1518,19.32,10.18,133,,,
m,7,15.02,22.06,1557,15.45,7.55,109,,,
m,7,19.18,28.99,2497,19.97,10.72,166,,,
m,7,29.63,45.87,4368,31.66,20.42,239,,,
m,7,14.12,12.59,1028,14.80,6.80,78,,,
m,7,14.80,14.38,1136,15.61,7.31,90,,,
m,7,13.46,12.91,975,13.83,6.18,83,,,
m,7,14.68,13.02,1154,15.48,7.28,96,,,
m,7,31.24,38.30,4132,34.78,22.71,238,,,
m,7,16.42,14.86,1380,17.64,8.72,81,,,
m,7,23.34,25.57,2460,25.42,14.82,165,,,
m,7,15.52,29.25,2894,15.75,7.87,124,,,
m,7,13.39,11.40,837,13.88,6.16,70,,,
m,7,13.30,12.22,980,13.74,6.07,75,,,
m,7,11.66,12.74,787,11.39,4.54,67,,,
m,7,10.35,9.05,479,9.93,3.42,57,,,
m,7,15.78,15.82,1329,16.70,8.19,83,,,
m,7,23.93,25.12,2631,26.27,15.37,153,,,
m,7,15.37,21.22,1918,15.95,7.66,99,,,
m,7,40.66,57.45,5258,44.81,31.16,327,,,
m,7,36.32,46.23,7017,41.04,26.80,306,,,
m,7,27.46,33.58,4549,30.74,18.95,182,,,
m,7,31.41,39.68,5088,35.24,22.42,272,,,
m,7,36.24,41.86,6368,41.29,24.97,274,,,
m,7,23.37,29.04,3341,25.86,16.05,184,,,
m,7,28.13,34.70,6054,31.81,18.59,217,,,
m,7,26.00,31.27,3903,29.11,17.66,212,,,
m,7,25.87,35.84,5436,28.91,17.02,196,,,
m,7,27.74,34.78,4536,31.27,19.14,202,,,
m,7,33.08,40.97,5190,37.34,24.04,253,,,
m,7,41.50,54.73,7796,47.26,30.68,346,,,
m,7,27.24,40.63,5522,30.27,18.28,225,,,
m,7,32.84,42.70,5264,34.41,21.44,264,,,
m,7,44.56,57.03,6482,49.72,33.32,421,,,
m,7,27.64,37.84,4542,29.99,18.47,208,,,
m,7,21.57,39.40,5925,24.80,17.32,177,,,
m,7,22.15,32.91,3690,24.89,15.54,181,,,
m,7,32.97,45.35,4935,36.11,24.28,296,,,
m,7,32.69,66.40,19415,36.31,23.45,313,,,
m,7,37.54,47.49,6903,41.27,26.08,285,,,
m,7,32.72,39.36,3516,36.40,24.13,232,,,
m,7,29.46,46.87,4994,30.73,19.26,259,,,
m,7,16.15,29.91,2616,15.79,8.99,136,,,
m,7,31.57,40.92,5679,34.62,22.24,229,,,
m,7,29.93,44.08,6288,33.19,22.14,233,,,
m,7,30.81,48.16,6184,34.06,21.66,251,,,
m,7,33.53,36.90,2651,34.89,22.09,245,,,
m,7,76.68,99.30,10155,81.20,57.70,674,,,
m,7,16.88,19.09,67,14.75,10.13,32,,,
m,7,28.98,43.51,4398,30.34,18.67,250,,,
m,7,25.01,40.32,5516,27.44,16.87,207,,,
m,7,20.27,27.85,4466,22.14,12.98,188,,,
m,7,27.83,47.90,5644,30.58,19.29,269,,,
m,7,23.03,30.96,4482,25.37,15.19,202,,,
m,7,30.35,185.03,54353,31.42,23.82,611,,,
m,7,27.88,40.91,6287,30.87,19.70,242,,,
m,7,23.24,61.42,18986,27.64,21.29,312,,,
m,7,36.76,54.18,6455,41.10,26.42,309,,,
m,7,25.69,32.82,4021,28.49,17.37,209,,,
m,7,23.98,32.50,3977,26.01,15.64,171,,,
m,7,28.83,41.36,4580,32.15,20.69,242,,,
m,7,40.01,51.37,5739,45.19,30.72,283,,,
m,7,38.34,52.36,5925,43.07,29.14,322,,,
,3,19.81,34.95,5668.378486,22.31,17.32,187.2669323,,,
,2,15.38,31.23,5668.378486,18.68,16.87,158.9482072,,,